,open,high,low,close,adjusted_close,volume,dividend_amount
2025-03-03,241.8100,244.0272,236.1120,238.0300,238.0300,46968450,0.0000
2025-02-28,244.9250,250.0000,230.2000,241.8400,241.8400,241760231,0.0000
2025-02-21,244.1500,248.6900,241.8400,245.5500,245.5500,166541044,0.0000
2025-02-14,229.5700,245.5500,227.2000,244.6000,244.6000,226587580,0.2500
2025-02-07,229.9900,234.0000,225.7000,227.6300,227.3803,227428164,0.0000
2025-01-31,224.0200,247.1900,223.9800,236.0000,235.7411,372790494,0.0000
2025-01-24,224.0000,227.0300,219.3800,222.7800,222.5356,277129596,0.0000
2025-01-17,233.5300,238.9600,228.0300,229.9800,229.7277,269145341,0.0000
2025-01-10,244.3100,247.3300,233.0000,236.8500,236.5902,185241327,0.0000
2025-01-03,252.2300,253.5000,241.8201,243.3600,243.0930,171023105,0.0000
2024-12-27,254.7700,260.1000,253.0600,255.5900,255.3096,133711783,0.0000
2024-12-20,247.9900,255.0000,245.6900,254.4900,254.2108,368202745,0.0000
2024-12-13,241.8300,250.8000,241.7500,248.1300,247.8578,192702674,0.0000
2024-12-06,237.2700,244.6300,237.1600,242.8400,242.5736,208286552,0.0000
2024-11-29,231.4600,237.8100,229.7400,237.3300,237.0697,198118837,0.0000
2024-11-22,225.2500,230.7199,225.1700,229.8700,229.6178,196343939,0.0000
2024-11-15,225.0000,228.8700,221.5000,225.0000,224.7532,223817755,0.0000
2024-11-08,220.9900,228.6600,219.7100,226.9600,226.7110,208083442,0.2500
2024-11-01,233.3200,234.7300,220.2700,222.9100,222.4205,248222115,0.0000
2024-10-25,234.4500,236.8500,227.7600,231.4100,230.9018,197299834,0.0000
2024-10-18,228.7000,237.4900,228.6000,235.0000,234.4839,218140974,0.0000
2024-10-11,224.5000,229.7500,221.3300,227.5500,227.0503,164894870,0.0000
2024-10-04,230.0400,233.0000,223.0200,226.8000,226.3019,222348300,0.0000
2024-09-27,227.3400,229.5200,224.0200,227.7900,227.2898,210673480,0.0000
2024-09-20,216.5400,233.0900,213.9200,228.2000,227.6989,550232897,0.0000
2024-09-13,220.8200,224.0400,216.7100,222.5000,222.0114,237622914,0.0000
2024-09-06,228.5500,229.0000,217.4800,220.8200,220.3351,178491741,0.0000
2024-08-30,226.7600,232.9200,223.8905,229.0000,228.4971,209486001,0.0000
2024-08-23,225.7200,228.3400,223.0400,226.8400,226.3418,188124897,0.0000
2024-08-16,216.0700,226.8271,215.6000,226.0500,225.5536,214898250,0.2500
2024-08-09,199.0900,216.7800,196.0000,216.2400,215.5174,342088289,0.0000
2024-08-02,216.9600,225.6000,215.7500,219.8600,219.1253,296061436,0.0000
2024-07-26,227.0100,227.7800,214.6200,217.9600,217.2317,242932215,0.0000
2024-07-19,236.4800,237.2300,222.2700,224.3100,223.5605,278397452,0.0000
2024-07-12,227.0900,233.0800,223.2500,230.5400,229.7697,287640514,0.0000
2024-07-05,212.0900,226.4500,211.9200,226.3400,225.5837,216231316,0.0000
2024-06-28,207.7200,216.0700,206.5900,210.6200,209.9162,335969485,0.0000
2024-06-21,213.3700,218.9500,207.1100,207.4900,206.7967,506265358,0.0000
2024-06-14,196.9000,220.2000,192.1500,212.4900,211.7800,635755143,0.0000
2024-06-07,192.9000,196.9400,192.5200,196.8900,196.2321,245994434,0.0000
2024-05-31,191.5100,193.0000,189.1000,192.2500,191.6076,230454285,0.0000
2024-05-24,189.3250,192.8231,186.6250,189.9800,189.3452,208652122,0.0000
2024-05-17,185.4350,191.0950,184.6200,189.8700,189.2356,288966571,0.0000
2024-05-10,182.3540,185.0900,180.4200,183.0500,182.4383,300674993,0.2500
2024-05-03,173.3700,187.0000,169.1100,183.3800,182.5180,441926366,0.0000
2024-04-26,165.5150,171.3400,164.7700,169.3000,168.5042,241302722,0.0000
2024-04-19,175.3600,176.6300,164.0750,165.0000,164.2244,309416498,0.0000
2024-04-12,169.0300,178.3600,167.1100,176.5500,175.7201,321898799,0.0000
2024-04-05,171.1900,171.9200,168.2302,169.5800,168.7828,233688457,0.0000
2024-03-28,170.5650,173.6000,169.4500,171.4800,170.6739,237622732,0.0000
2024-03-22,175.5700,178.6700,170.0600,172.2800,171.4701,361583938,0.0000
2024-03-15,172.9400,174.3800,170.2850,172.6200,171.8085,364748130,0.0000
2024-03-08,176.1500,176.9000,168.4900,170.7300,169.9274,393262265,0.0000
2024-03-01,182.2400,183.9225,177.3800,179.6600,178.8155,354385890,0.0000
2024-02-23,181.7900,185.0400,180.0000,182.5200,181.6620,192607112,0.0000
2024-02-16,188.4150,188.6700,181.3500,182.3100,181.4530,268128941,0.0000
2024-02-09,188.1500,191.0500,185.8400,188.8500,187.9622,252715796,0.2400
2024-02-02,192.0100,192.2000,179.2500,185.8500,184.7416,325909883,0.0000
2024-01-26,192.3000,196.3800,191.9400,192.4200,191.2724,255368848,0.0000
2024-01-19,182.1600,191.9500,180.3000,191.5600,190.4175,259829213,0.0000
2024-01-12,182.0850,187.0500,181.5000,185.9200,184.8112,238385377,0.0000
2024-01-05,187.1500,188.4400,180.1700,181.1800,180.0994,275083628,0.0000
2023-12-29,193.6100,194.6600,191.0900,192.5300,191.3817,153541162,0.0000
2023-12-22,196.0900,197.6800,192.9700,193.6000,192.4454,231859933,0.0000
2023-12-15,193.1100,199.6200,191.4200,197.5700,196.3917,379414755,0.0000
2023-12-08,189.9800,195.9900,187.4511,195.7100,194.5428,251797045,0.0000
2023-12-01,189.9200,192.0900,188.1900,191.2400,190.0994,216481441,0.0000
2023-11-24,189.8900,192.9300,189.2500,189.9700,188.8370,148351454,0.0000
2023-11-17,185.8200,190.9600,184.2100,189.6900,188.5587,262880715,0.0000
2023-11-10,176.3800,186.5650,176.2100,186.4000,185.2883,303653020,0.2400
2023-11-03,169.0200,177.7800,167.9000,176.6500,175.3706,310075876,0.0000
2023-10-27,170.9100,174.0100,165.6700,168.2200,167.0017,286078102,0.0000
2023-10-20,176.7500,179.0750,172.6400,172.8800,171.6279,288377600,0.0000
2023-10-13,176.8100,182.3400,175.8000,178.8500,177.5547,241839090,0.0000
2023-10-06,171.2200,177.9900,170.8200,177.4900,176.2046,260574027,0.0000
2023-09-29,174.2000,176.9700,167.6200,171.2100,169.9700,285838995,0.0000
2023-09-22,176.4800,179.6950,173.8600,174.7900,173.5241,297395196,0.0000
2023-09-15,180.0700,180.3000,173.5800,175.0100,173.7425,403746390,0.0000
2023-09-08,188.2800,189.9800,173.5400,178.1800,176.8896,305126712,0.0000
2023-09-01,180.0900,189.9200,178.5450,189.4600,188.0879,264199503,0.0000
2023-08-25,175.0700,181.5500,173.7350,178.6100,177.3164,247514268,0.0000
2023-08-18,177.9700,179.6900,171.9600,174.4900,173.2263,261498109,0.0000
2023-08-11,182.1300,183.1300,176.5500,177.7900,176.5024,332501087,0.2400
2023-08-04,196.0600,196.7300,181.9200,181.9900,180.4284,302694989,0.0000
2023-07-28,193.4100,197.2000,192.2500,195.8300,194.1497,226011789,0.0000
2023-07-21,191.9000,198.2300,191.2300,191.9400,190.2930,310914135,0.0000
2023-07-14,189.2600,191.7000,186.6000,190.6900,189.0538,250269110,0.0000
2023-07-07,193.7800,193.8800,189.2000,190.6800,189.0438,170349466,0.0000
2023-06-30,186.8300,194.4800,185.2300,193.9700,192.3056,281596832,0.0000
2023-06-23,184.4100,187.5600,182.5901,186.6800,185.0782,203677112,0.0000
2023-06-16,181.2700,186.9900,180.9700,184.9200,183.3333,333836397,0.0000
2023-06-09,182.6300,184.9510,177.3200,180.9600,179.4072,347854340,0.0000
2023-06-02,176.9600,181.7800,176.5700,180.9500,179.3973,286176391,0.0000
2023-05-26,173.9800,175.7700,170.5200,175.4300,173.9247,250354916,0.0000
2023-05-19,173.1600,176.3900,170.4201,175.1600,173.6570,258634688,0.0000
2023-05-12,172.4800,174.5900,171.0000,172.5700,171.0892,250061982,0.2400
2023-05-05,169.2800,174.3000,164.3100,173.5700,171.8417,360723248,0.0000
2023-04-28,165.0000,169.8500,162.8000,169.6800,167.9904,254947569,0.0000
2023-04-21,165.0900,168.1600,164.0300,165.0200,163.3768,249150510,0.0000
2023-04-14,161.4200,166.3200,159.7800,165.2100,163.5649,263326290,0.0000
2023-04-06,164.2700,166.8400,161.8000,164.6600,163.0204,200156349,0.0000
2023-03-31,159.9400,165.0000,155.9800,164.9000,163.2580,267939590,0.0000
2023-03-24,155.0700,162.1400,154.1500,160.2500,158.6543,350159914,0.0000
2023-03-17,147.8050,156.7400,147.7000,155.0000,153.4566,410519933,0.0000
2023-03-10,153.7850,156.3000,147.6096,148.5000,147.0213,313350829,0.0000
2023-03-03,147.7100,151.1100,143.9000,151.0300,149.5261,274036517,0.0000
2023-02-24,150.2000,151.3000,145.7202,146.7100,145.2491,213742390,0.0000
2023-02-17,150.9520,156.3300,150.8500,152.5500,151.0310,316887898,0.0000
2023-02-10,152.5750,155.2300,149.2200,151.0100,149.5063,330758787,0.2300
2023-02-03,144.9550,157.3800,141.3200,154.5000,152.7289,480249683,0.0000
2023-01-27,138.1200,147.2300,137.9000,145.9300,144.2572,338655715,0.0000
2023-01-20,134.8300,138.6100,133.7700,137.8700,136.2896,271823466,0.0000
2023-01-13,130.4650,134.9200,128.1200,134.7600,133.2152,333335284,0.0000
2023-01-06,130.2800,130.9000,124.1700,129.6200,128.1341,369948527,0.0000
2022-12-30,131.3800,131.4100,125.8700,129.9300,128.4406,307184140,0.0000
2022-12-23,135.1100,136.8100,129.6400,131.8600,130.3485,384620427,0.0000
2022-12-16,142.7000,149.9692,133.7300,134.5100,132.9681,505728804,0.0000
2022-12-09,147.7700,150.9199,140.0000,142.1600,140.5304,341500071,0.0000
2022-12-02,145.1400,149.1300,140.3550,147.8100,146.1156,401189067,0.0000
2022-11-25,150.1600,151.8300,146.9250,148.1100,146.4122,204025457,0.0000
2022-11-18,148.9700,153.5900,146.1500,151.2900,149.5557,382679685,0.0000
2022-11-11,137.1100,150.0100,134.5933,149.7000,147.9840,461034592,0.0000
2022-11-04,153.1550,155.4500,134.3800,138.3800,136.7937,510660451,0.2300
2022-10-28,147.1850,157.5000,144.1300,155.7400,153.6993,513092901,0.0000
2022-10-21,141.0650,147.8479,140.2700,147.2700,145.3403,397216487,0.0000
2022-10-14,140.4200,144.5200,134.3700,138.3800,136.5667,424188362,0.0000
2022-10-07,138.2100,147.5400,137.6850,140.0900,138.2543,435940423,0.0000
2022-09-30,149.6600,154.7200,138.0000,138.2000,136.3891,577537048,0.0000
2022-09-23,149.3100,158.7400,148.5600,150.4300,148.4588,473155533,0.0000
2022-09-16,159.5900,164.2600,148.3700,150.7000,148.7253,568337936,0.0000
2022-09-09,156.4700,157.8200,152.6800,157.3700,155.3079,313749966,0.0000
2022-09-02,161.1450,162.9000,154.6700,155.8100,153.7683,389809404,0.0000
2022-08-26,169.6900,171.0500,163.5600,163.6200,161.4760,307194601,0.0000
2022-08-19,171.5200,176.1500,171.3101,171.5200,169.2725,322647151,0.0000
2022-08-12,166.3700,172.1700,163.2500,172.1000,169.8449,318856922,0.0000
2022-08-05,161.0100,167.1900,159.6300,165.3500,163.1833,322415021,0.2300
2022-07-29,154.0100,163.6300,150.8000,162.5100,160.1578,370548915,0.0000
2022-07-22,150.7400,156.2800,146.7000,154.0900,151.8597,360988692,0.0000
2022-07-15,145.6700,150.8600,142.1201,150.1700,147.9964,366480107,0.0000
2022-07-08,137.7700,147.5500,136.9300,147.0400,144.9117,278295402,0.0000
2022-07-01,142.6950,143.4900,133.7737,138.9300,136.9191,373781666,0.0000
2022-06-24,133.4200,141.9100,133.3200,141.6600,139.6096,315960327,0.0000
2022-06-17,132.8700,137.3400,129.0400,131.5600,129.6558,541006195,0.0000
2022-06-10,147.0300,149.8697,137.0600,137.1300,135.1451,354396344,0.0000
2022-06-03,149.0700,151.7400,144.4600,145.3800,143.2757,338923395,0.0000
2022-05-27,137.7900,149.6800,137.1400,149.6400,147.4741,495921758,0.0000
2022-05-20,145.5500,149.7700,132.6100,137.5900,135.5985,548244690,0.0000
2022-05-13,154.9250,156.7400,138.8000,147.1100,144.9807,686227375,0.0000
2022-05-06,156.7100,166.4800,153.2700,157.2800,155.0035,566193362,0.2300
2022-04-29,161.1200,166.2000,155.3800,157.6500,155.1413,540082324,0.0000
2022-04-22,163.9200,171.5300,161.5000,161.7900,159.2154,376576076,0.0000
2022-04-14,168.7100,171.2700,165.0400,165.2900,162.6597,297460188,0.0000
2022-04-08,174.5700,178.4900,169.2000,170.0900,167.3833,390677922,0.0000
2022-04-01,172.1700,179.6100,171.9400,174.3100,171.5361,465395123,0.0000
2022-03-25,163.5100,175.2800,163.0150,174.7200,171.9396,438484780,0.0000
2022-03-18,151.4500,164.4800,150.1000,163.9800,161.3705,501667481,0.0000
2022-03-11,163.3600,165.0200,154.5000,154.7300,152.2677,521334165,0.0000
2022-03-04,163.0600,168.9100,161.9700,163.1700,160.5734,418753837,0.0000
2022-02-25,164.9800,166.6900,152.0000,164.8500,162.2267,413588646,0.0000
2022-02-18,167.3700,173.3400,166.1900,167.3000,164.6377,364011266,0.0000
2022-02-11,172.8600,176.6500,168.0400,168.6400,165.9564,412902045,0.0000
2022-02-04,170.1600,176.2399,169.5100,172.3900,169.6467,458553231,0.2200
2022-01-28,160.0200,170.3500,154.7000,170.3300,167.4058,688670659,0.0000
2022-01-21,171.5100,172.5400,162.3000,162.4100,159.6218,397684401,0.0000
2022-01-14,169.0800,177.1800,168.1700,173.0700,170.0988,422454950,0.0000
2022-01-07,177.8300,182.9400,171.0300,172.1700,169.2142,482162362,0.0000
2021-12-31,177.0850,181.3300,177.0700,177.5700,174.5215,337847299,0.0000
2021-12-23,168.2800,176.8499,167.4600,176.2800,173.2537,359176889,0.0000
2021-12-17,181.1150,182.1300,169.6900,171.1400,168.2019,769789942,0.0000
2021-12-10,164.2900,179.6300,164.2800,179.4500,176.3693,569227705,0.0000
2021-12-03,159.3700,170.3000,157.8000,161.8400,159.0616,669981566,0.0000
2021-11-26,161.6800,165.7000,156.3600,156.8100,154.1179,359933163,0.0000
2021-11-19,150.3700,161.0200,149.3400,160.5500,157.7937,462419283,0.0000
2021-11-12,151.4100,151.5700,147.4800,149.9900,147.4150,281026556,0.0000
2021-11-05,148.9850,152.4300,147.8000,151.2800,148.6829,322688958,0.2200
2021-10-29,148.6800,153.1650,146.4128,149.8000,147.0145,392739936,0.0000
2021-10-22,143.4450,150.1800,143.1600,148.6900,145.9251,340691290,0.0000
2021-10-15,142.2700,144.8950,139.2000,144.8400,142.1467,354098233,0.0000
2021-10-08,141.7600,144.2150,138.2700,142.9000,140.2428,382910000,0.0000
2021-10-01,145.4700,145.9600,139.1101,142.6500,139.9974,441421358,0.0000
2021-09-24,143.8000,147.4701,141.2700,146.9200,144.1880,394033205,0.0000
2021-09-17,150.6300,151.4200,145.7600,146.0600,143.3440,492884912,0.0000
2021-09-10,154.9700,157.2600,148.7000,148.9700,146.1999,354897433,0.0000
2021-09-03,149.0000,154.9800,148.6100,154.3000,151.4308,386760934,0.0000
2021-08-27,148.3100,150.8600,146.8300,148.6000,145.8368,272129118,0.0000
2021-08-20,148.5350,151.6800,144.5000,148.1900,145.4344,429624447,0.0000
2021-08-13,146.2000,149.4444,145.3000,149.1000,146.3275,299050639,0.0000
2021-08-06,146.3600,148.0450,145.1800,146.1400,143.4225,284559337,0.2200
2021-07-30,148.2700,149.8300,142.5400,145.8600,142.9326,420947531,0.0000
2021-07-23,143.7500,148.7177,141.6700,148.5600,145.5784,441563639,0.0000
2021-07-16,146.2100,150.0000,143.6300,146.3900,143.4519,504249326,0.0000
2021-07-09,140.0700,145.6500,140.0700,145.1100,142.1976,418559640,0.0000
2021-07-02,133.4100,140.0000,133.3500,139.9600,137.1510,321360130,0.0000
2021-06-25,130.3000,134.6400,129.2100,133.1100,130.4385,354155878,0.0000
2021-06-18,127.8200,132.5500,127.0700,130.4600,127.8417,456667151,0.0000
2021-06-11,126.1700,128.4600,124.8321,127.3500,124.7941,327048055,0.0000
2021-06-04,125.0800,126.1600,123.1300,125.8900,123.3634,278314493,0.0000
2021-05-28,126.0100,128.3200,124.5500,124.6100,122.1091,357615057,0.0000
2021-05-21,126.8200,128.0000,122.8600,125.4300,122.9126,386352101,0.0000
2021-05-14,129.4100,129.5400,122.2500,127.4500,124.8921,514165627,0.0000
2021-05-07,132.0400,134.0700,126.7000,130.2100,127.5967,453802325,0.2200
2021-04-30,134.8300,137.0700,131.0650,131.4600,128.6043,501621389,0.0000
2021-04-23,133.5100,135.5300,131.3001,134.3200,131.4022,421246935,0.0000
2021-04-16,132.5200,135.0000,130.6300,134.1600,131.2456,444178798,0.0000
2021-04-09,123.8700,133.0400,123.0700,132.9950,130.1060,447820438,0.0000
2021-04-01,121.6500,124.1800,118.8600,123.0000,120.3281,359904082,0.0000
2021-03-26,120.3300,124.2400,118.9200,121.2100,118.5770,488825826,0.0000
2021-03-19,121.4100,127.2200,119.6750,119.9900,117.3835,626770404,0.0000
2021-03-12,120.9300,123.2100,116.2100,121.0300,118.4009,586977280,0.0000
2021-03-05,123.7500,128.7200,117.5700,121.4200,118.7824,663456753,0.0000
2021-02-26,128.0100,129.7200,118.3900,121.2600,118.6259,680391444,0.0000
2021-02-19,135.4900,136.0100,127.4100,129.8700,127.0488,362474097,0.0000
2021-02-12,136.0300,137.8770,133.6921,135.3700,132.4294,344357350,0.0000
2021-02-05,133.7500,137.4200,130.9300,136.7600,133.7892,438264070,0.2050
2021-01-29,143.0700,145.0900,130.2100,131.9600,128.9002,716990967,0.0000
2021-01-22,127.7800,139.8500,126.9380,139.0700,135.8454,430065722,0.0000
2021-01-15,129.1900,131.4500,126.8600,127.1400,124.1920,481518252,0.0000
2021-01-08,133.5200,133.6116,126.3820,132.0500,128.9881,610791157,0.0000
2020-12-31,133.9900,138.7890,131.7200,132.6900,129.6133,439740666,0.0000
2020-12-24,125.0200,134.4050,123.4490,131.9700,128.9100,433757134,0.0000
2020-12-18,122.6000,129.5800,121.5400,126.6550,123.7182,621758148,0.0000
2020-12-11,122.3100,125.9500,120.1500,122.4100,119.5717,452278651,0.0000
2020-12-04,116.9700,123.7800,116.8100,122.2500,119.4154,541563385,0.0000
2020-11-27,117.1800,117.6202,112.5900,116.5900,113.8866,364376131,0.0000
2020-11-20,118.9200,120.9900,116.8100,117.3400,114.6192,389493361,0.0000
2020-11-13,120.5000,121.9900,114.1300,119.2600,116.4947,589872919,0.0000
2020-11-06,109.1100,119.6200,107.3200,118.6900,115.9379,609571825,0.2050
2020-10-30,114.0100,117.2800,107.7200,108.8600,106.1525,684767901,0.0000
2020-10-23,119.9600,120.4190,114.2800,115.0400,112.1788,519569644,0.0000
2020-10-16,120.0600,125.3900,118.1500,119.0200,116.0598,881572555,0.0000
2020-10-09,113.9100,117.0000,112.2500,116.9700,114.0608,548575054,0.0000
2020-10-02,115.0100,117.7200,112.2200,113.0200,110.2090,641240539,0.0000
2020-09-25,104.5400,112.8600,103.1000,112.2800,109.4874,847212649,0.0000
2020-09-18,114.7200,118.8290,106.0900,106.8400,104.1827,944934651,0.0000
2020-09-11,113.9500,120.5000,110.0000,112.0000,109.2144,771441734,0.0000
2020-09-04,127.5800,137.9800,110.8900,120.9600,117.9516,1166301669,0.0000
2020-08-28,514.7900,515.1400,492.2100,499.2300,121.7034,265909531,0.0000
2020-08-21,464.2500,499.4720,455.8501,497.4800,121.2767,208464758,0.0000
2020-08-14,450.4000,464.1700,436.4267,459.6300,112.0496,235474473,0.0000
2020-08-07,432.8000,457.6500,431.5700,444.4500,108.3490,250852555,0.8200
2020-07-31,374.8400,425.6600,372.9900,425.0400,103.4263,211898609,0.0000
2020-07-24,385.6700,397.0000,356.5800,370.4600,90.1452,165885792,0.0000
2020-07-17,389.0600,399.8200,375.5100,385.3100,93.7587,179660754,0.0000
2020-07-10,370.0000,385.2700,369.8700,383.6800,93.3621,141212101,0.0000
2020-07-02,353.2500,370.4700,351.2800,364.1100,88.6001,124222310,0.0000
2020-06-26,351.3400,372.3800,351.1500,353.6300,86.0499,220750873,0.0000
2020-06-19,333.2500,356.5600,332.5800,349.7200,85.0985,194985086,0.0000
2020-06-12,330.2500,354.7700,327.3200,338.8000,82.4413,202956789,0.0000
2020-06-05,317.7500,331.7500,317.2100,331.5000,80.6650,124490802,0.0000
2020-05-29,323.5000,324.2400,313.0900,317.9400,77.3654,131465363,0.0000
2020-05-22,313.1700,320.8900,310.3200,318.8900,77.5965,133274690,0.0000
2020-05-15,308.1000,319.6900,300.2100,307.7100,74.8761,208536826,0.0000
2020-05-08,289.1700,310.3500,286.3200,310.1300,75.4649,168228968,0.8200
2020-05-01,281.8000,299.0000,278.2000,289.0700,70.1548,197513427,0.0000
2020-04-24,277.9500,283.0100,265.4300,282.9700,68.6744,169846750,0.0000
2020-04-17,268.3100,288.2500,265.8300,282.8000,68.6332,207386812,0.0000
2020-04-09,250.9000,271.7000,249.3800,267.9900,65.0389,183929846,0.0000
2020-04-03,250.7400,262.4900,236.9000,241.4100,58.5882,209252759,0.0000
2020-03-27,228.0800,258.6800,212.6100,247.7400,60.1244,346165813,0.0000
2020-03-20,241.9500,259.0800,228.0000,229.2400,55.6346,405065837,0.0000
2020-03-13,263.7500,286.4400,248.0000,277.9700,67.4610,404405247,0.0000
2020-03-06,282.2800,304.0000,277.7200,289.0300,70.1451,323450224,0.0000
2020-02-28,297.2600,304.1800,256.3700,273.3600,66.3422,349768234,0.0000
2020-02-21,315.3600,324.6500,310.5000,313.0500,75.9746,119254440,0.0000
2020-02-14,314.1800,327.2200,313.8500,324.9500,78.8626,123065907,0.0000
2020-02-07,304.3000,325.2200,302.2200,320.0300,77.6686,163134650,0.7700
2020-01-31,310.0600,327.8500,304.8800,309.5100,74.9352,216776323,0.0000
2020-01-24,317.1900,323.3300,315.6500,318.3100,77.0657,115445527,0.0000
2020-01-17,311.6400,318.7400,309.5500,318.7300,77.1674,162824452,0.0000
2020-01-10,293.7900,312.6700,292.7500,310.3300,75.1337,168452059,0.0000
2020-01-03,289.4600,300.6000,285.2200,297.4300,72.0105,131852981,0.0000
2019-12-27,280.5300,293.9700,280.3700,289.8000,70.1632,96724537,0.0000
2019-12-20,277.0000,282.6500,276.9800,279.4400,67.6549,183341280,0.0000
2019-12-13,270.0000,275.3000,264.9100,275.1500,66.6163,142408267,0.0000
2019-12-06,267.2700,271.0000,256.2900,270.7100,65.5413,115090042,0.0000
2019-11-29,262.7100,268.0000,262.5000,267.2500,64.7036,75404884,0.0000
2019-11-22,265.8000,268.0000,260.4000,261.7800,63.3793,114060454,0.0000
2019-11-15,258.3000,265.7800,258.2800,265.7600,64.3429,115661500,0.0000
2019-11-08,257.3300,260.4400,255.3700,260.1400,62.9822,106014081,0.7700
2019-11-01,247.4200,255.9300,237.2600,255.8200,61.7530,163067611,0.0000
2019-10-25,237.5200,246.7300,237.3200,246.5800,59.5226,100713664,0.0000
2019-10-18,234.9000,238.1300,233.2000,236.4100,57.0676,108261581,0.0000
2019-10-11,226.2700,237.6400,224.3300,236.2100,57.0193,150154587,0.0000
2019-10-04,220.9000,228.2200,215.1300,227.0100,54.7985,163381242,0.0000
2019-09-27,218.9500,222.4900,217.1400,218.8200,52.8215,117784618,0.0000
2019-09-20,217.7300,223.7600,217.4700,217.7300,52.5584,145352672,0.0000
2019-09-13,214.8400,226.4200,211.0700,218.7500,52.8046,175366943,0.0000
2019-09-06,206.4300,214.4200,204.2200,213.2600,51.4794,82585672,0.0000
2019-08-30,205.8600,210.4500,203.3200,208.7400,50.3883,110091319,0.0000
2019-08-23,210.6200,214.4400,201.0000,202.6400,48.9158,142066853,0.0000
2019-08-16,199.6200,212.1400,199.1500,206.5000,49.8476,163266105,0.0000
2019-08-09,197.9900,203.5300,192.5800,200.9900,48.5175,173211425,0.7700
2019-08-02,208.4600,221.3700,201.6300,204.0200,49.0609,219770512,0.0000
2019-07-26,203.6500,209.7300,203.6100,207.7400,49.9555,87153118,0.0000
2019-07-19,204.0900,206.5000,202.3600,202.5900,48.7171,87433154,0.0000
2019-07-12,200.8100,204.3900,198.4100,203.3000,48.8878,101600835,0.0000
2019-07-05,203.1700,205.0800,200.6500,204.2300,49.1114,72879519,0.0000
2019-06-28,198.5400,201.5700,195.2900,197.9200,47.5941,117368626,0.0000
2019-06-21,192.9000,200.8500,192.1700,198.7800,47.8009,131658960,0.0000
2019-06-14,191.8100,196.7900,190.3000,192.7400,46.3484,111843021,0.0000
2019-06-07,175.6000,191.9200,170.2700,190.1500,45.7256,154348161,0.0000
2019-05-31,178.9200,180.5900,174.9900,175.0700,42.0993,104691321,0.0000
2019-05-24,183.5200,188.0000,177.8100,178.9700,43.0371,156970116,0.0000
2019-05-17,187.7100,192.4700,182.8500,189.0000,45.4491,186415472,0.0000
2019-05-10,204.2900,208.8400,192.7700,197.1800,47.4161,173663634,0.7700
2019-05-03,204.4000,215.3100,199.1100,211.7500,50.7217,186455669,0.0000
2019-04-26,202.8300,208.4800,202.1200,204.3000,48.9372,97495453,0.0000
2019-04-18,198.5800,204.1500,198.0100,203.8600,48.8318,96335577,0.0000
2019-04-12,196.4200,202.8500,196.2100,198.8700,47.6365,132006698,0.0000
2019-04-05,191.6400,197.1000,188.3800,197.0000,47.1886,111540445,0.0000
2019-03-29,191.5100,192.8800,184.5800,189.9500,45.4998,167838582,0.0000
2019-03-22,185.8000,197.6900,184.7300,191.0500,45.7633,182343335,0.0000
2019-03-15,175.4900,187.3300,175.3500,186.1200,44.5824,158133562,0.0000
2019-03-08,175.6900,177.7500,169.5000,172.9100,41.4181,116779738,0.0000
2019-03-01,174.1600,175.8700,172.7300,174.9700,41.9116,120880541,0.0000
2019-02-22,169.7100,173.3200,169.4900,172.9700,41.4325,81250012,0.0000
2019-02-15,171.0500,172.4800,169.2500,170.4200,40.8217,112229742,0.0000
2019-02-08,167.4100,175.5700,167.2800,170.4100,40.8193,151398457,0.7300
2019-02-01,155.7900,169.0000,153.6600,166.5200,39.7174,202296864,0.0000
2019-01-25,156.4100,158.1300,151.7000,157.7600,37.6280,112513982,0.0000
2019-01-18,150.8500,157.8800,149.2200,156.8200,37.4038,155291399,0.0000
2019-01-11,148.7000,154.5300,145.9000,152.2900,36.3233,203706070,0.0000
2019-01-04,158.5300,159.3600,142.0000,148.2600,35.3621,221962468,0.0000
2018-12-28,148.1500,158.5200,146.5900,156.2300,37.2631,191160265,0.0000
2018-12-21,165.4500,168.3500,149.6300,150.7300,35.9512,287694081,0.0000
2018-12-14,165.0000,172.5700,163.3300,165.4800,39.4693,217536870,0.0000
2018-12-07,184.4600,184.9400,168.3000,168.4900,40.1872,167522325,0.0000
2018-11-30,174.2400,182.8000,170.2600,178.5800,42.5939,213749977,0.0000
2018-11-23,190.0000,190.7000,172.1000,172.2900,41.0936,164494301,0.0000
2018-11-16,199.0000,199.8500,185.9300,193.5300,46.1596,242226465,0.0000
2018-11-09,204.3000,210.1200,198.1700,204.4700,48.7690,191199370,0.7300
2018-11-02,219.1900,222.3600,205.4300,207.4800,49.3142,270606277,0.0000
2018-10-26,219.7900,224.2300,212.6700,216.3000,51.4106,185599234,0.0000
2018-10-19,221.1600,222.9900,213.0000,219.3100,52.1260,148520408,0.0000
2018-10-12,222.2100,227.2700,212.3200,222.1100,52.7915,192007749,0.0000
2018-10-05,227.9500,233.4700,220.5800,224.2900,53.3097,142666234,0.0000
2018-09-28,216.8200,226.4400,216.6300,225.7400,53.6543,129343034,0.0000
2018-09-21,222.1500,222.9500,215.3000,217.6600,51.7338,218746220,0.0000
2018-09-14,220.9500,228.3500,216.4700,223.8400,53.2027,198249908,0.0000
2018-09-07,228.4100,229.6700,220.7100,221.3000,52.5990,132632878,0.0000
2018-08-31,217.1500,228.8700,216.3300,227.6300,54.1035,162690645,0.0000
2018-08-24,218.1000,219.1800,213.8400,216.1600,51.3773,112825161,0.0000
2018-08-17,207.7000,217.9500,207.7000,217.5800,51.7148,139373818,0.0000
2018-08-10,208.0000,209.7800,204.5200,207.5300,49.3261,121642089,0.7300
2018-08-03,191.9000,208.7400,189.0700,207.9900,49.2622,224189697,0.0000
2018-07-27,190.6800,195.9600,189.5600,190.9800,45.2334,94613682,0.0000
2018-07-20,191.5200,192.6500,189.2000,191.4400,45.3423,87963808,0.0000
2018-07-13,189.5000,191.8400,187.6100,191.3300,45.3163,85088176,0.0000
2018-07-06,183.8200,188.4300,183.4200,187.9700,44.5205,65775642,0.0000
2018-06-29,183.4000,187.2800,180.7300,185.1100,43.8431,121620526,0.0000
2018-06-22,187.8800,189.2200,183.4500,184.9200,43.7981,125604366,0.0000
2018-06-15,191.3500,192.8800,188.2600,188.8400,44.7265,140187228,0.0000
2018-06-08,191.6400,194.2000,189.7700,191.7000,45.4039,116769735,0.0000
2018-06-01,187.6000,190.2600,186.1400,190.2400,45.0581,92129925,0.0000
2018-05-25,188.0000,189.6500,185.7600,188.5800,44.6649,94394844,0.0000
2018-05-18,189.0100,189.5300,185.1000,186.3100,44.1273,99248752,0.0000
2018-05-11,185.1800,190.3700,183.6700,188.5900,44.6673,148266951,0.7300
2018-05-04,162.1300,184.2500,161.8400,183.8300,43.3720,252805668,0.0000
2018-04-27,166.8300,166.9200,160.6300,162.3200,38.2971,162208431,0.0000
2018-04-20,175.0300,178.9400,165.4300,165.7200,39.0992,169238340,0.0000
2018-04-13,169.8800,175.8400,169.8500,174.7300,41.2250,128077139,0.0000
2018-04-06,166.6400,174.2300,164.4700,168.3800,39.7268,164408813,0.0000
2018-03-29,168.0700,175.1500,165.1900,167.7800,39.5853,155302506,0.0000
2018-03-23,177.3200,177.4700,164.9400,164.9400,38.9152,168666122,0.0000
2018-03-16,180.2900,183.5000,177.6200,178.0200,42.0012,151720299,0.0000
2018-03-09,175.2100,180.0000,174.2700,179.9800,42.4637,138442235,0.0000
2018-03-02,176.3500,180.6200,172.4500,176.2100,41.5742,196432091,0.0000
2018-02-23,172.0500,175.6500,171.0100,175.5000,41.4067,133197874,0.0000
2018-02-16,158.5000,174.8200,157.5100,172.4300,40.6824,222582467,0.0000
2018-02-09,159.1000,163.8800,150.2400,156.4100,36.9027,299885932,0.6300
2018-02-02,170.1600,170.1600,160.1000,160.5000,37.7157,248091289,0.0000
2018-01-26,177.3000,179.4400,170.0600,171.5100,40.3030,185072080,0.0000
2018-01-19,177.9000,180.1000,175.0700,178.4600,41.9361,122974060,0.0000
2018-01-12,174.3500,177.3600,173.0000,177.0900,41.6142,107548622,0.0000
2018-01-05,170.1600,175.3700,169.2600,175.0000,41.1231,99095223,0.0000
2017-12-29,170.8000,171.8500,169.2200,169.2300,39.7672,96281679,0.0000
2017-12-22,174.8800,177.2000,173.2500,175.0100,41.1254,115320238,0.0000
2017-12-15,169.2000,174.1700,168.7900,173.9700,40.8810,132453689,0.0000
2017-12-08,172.4800,172.6200,166.4600,169.3700,39.8001,134914322,0.0000
2017-12-01,175.0500,175.0800,167.1600,171.0500,40.1949,166555527,0.0000
2017-11-24,170.2900,175.5000,169.5600,174.9700,41.1160,79873651,0.0000
2017-11-17,173.5000,174.5000,168.3800,170.1500,39.9834,114281964,0.0000
2017-11-10,172.3650,176.2400,171.7200,174.6700,41.0455,135758833,0.6300
2017-11-03,163.8900,174.2600,163.7200,172.5000,40.3899,203892677,0.0000
2017-10-27,156.8900,163.6000,155.2700,163.0500,38.1773,119574587,0.0000
2017-10-20,157.9000,160.8700,155.0200,156.2500,36.5851,124593299,0.0000
2017-10-13,155.8100,158.0000,155.1000,156.9900,36.7583,80597481,0.0000
2017-10-06,154.2600,155.4900,152.4600,155.3000,36.3626,91971974,0.0000
2017-09-29,149.9900,154.7189,149.1600,154.1200,36.0864,152105993,0.0000
2017-09-22,160.1100,160.5000,150.5600,151.8900,35.5642,182738115,0.0000
2017-09-15,160.5000,163.9600,157.9100,159.8800,37.4350,217839085,0.0000
2017-09-08,163.7500,164.2500,158.5300,158.6300,37.1423,100402255,0.0000
2017-09-01,160.1400,164.9400,159.9300,164.0500,38.4114,124482489,0.0000
2017-08-25,157.5000,160.7400,155.1101,159.8600,37.4303,110686493,0.0000
2017-08-18,159.3200,162.5100,156.7200,157.5000,36.8778,130951564,0.0000
2017-08-11,157.0600,161.8300,154.6300,157.4800,36.8731,148310594,0.6300
2017-08-04,149.9000,159.7500,148.1300,156.3900,36.4699,159721244,0.0000
2017-07-28,150.5800,153.9900,147.3000,149.5000,34.8632,103916337,0.0000
2017-07-21,148.8200,151.7400,148.5700,150.2700,35.0428,103297255,0.0000
2017-07-14,144.1100,149.3300,143.3700,149.0400,34.7559,107844162,0.0000
2017-07-07,144.8800,145.3000,142.4100,144.1800,33.6226,76896820,0.0000
2017-06-30,147.1700,148.2800,142.2800,144.0200,33.5853,125310202,0.0000
2017-06-23,143.6600,147.1600,143.6600,146.2800,34.1123,121757322,0.0000
2017-06-16,145.7400,147.5000,142.2000,142.2700,33.1772,217066551,0.0000
2017-06-09,154.3400,155.9800,146.0200,148.9800,34.7419,157386327,0.0000
2017-06-02,153.4200,155.4500,152.2200,155.4500,36.2507,86663811,0.0000
2017-05-26,154.0000,154.9000,152.6700,153.6100,35.8216,101565411,0.0000
2017-05-19,156.0100,156.6500,149.7100,153.0600,35.6934,154981942,0.0000
2017-05-12,149.0300,156.4200,149.0300,156.1000,36.4023,167770544,0.6300
2017-05-05,145.1000,148.9800,144.2700,148.9600,34.5957,167777285,0.0000
2017-04-28,143.5000,144.9000,143.1800,143.6500,33.3625,89143525,0.0000
2017-04-21,141.4800,142.9200,140.4500,142.2700,33.0420,89248503,0.0000
2017-04-13,143.6000,143.8792,140.0600,141.0500,32.7586,87485653,0.0000
2017-04-07,143.7100,145.4600,143.0500,143.3400,33.2905,105402499,0.0000
2017-03-31,139.3900,144.5000,138.6200,143.6600,33.3648,127008757,0.0000
2017-03-24,140.4000,142.8000,139.7300,140.6400,32.6634,129673979,0.0000
2017-03-17,138.8500,141.0200,138.8200,139.9900,32.5124,121539506,0.0000
2017-03-10,139.3650,139.9800,137.0500,139.1400,32.3150,99672282,0.0000
2017-03-03,137.1400,140.2786,136.2800,139.7800,32.4637,127936976,0.0000
2017-02-24,136.2300,137.4800,135.2800,136.6600,31.7390,87908859,0.0000
2017-02-17,133.0800,136.2700,132.7500,135.7200,31.5207,136667496,0.0000
2017-02-10,129.1300,132.9400,128.9000,132.1200,30.6846,136449154,0.5700
2017-02-03,120.9300,130.4900,120.6200,129.0800,29.8501,249781248,0.0000
2017-01-27,120.0000,122.4400,119.5000,121.9500,28.2013,124748449,0.0000
2017-01-20,118.3400,120.5000,118.2200,120.0000,27.7503,116347987,0.0000
2017-01-13,117.9500,119.9300,117.9400,119.0400,27.5283,138810760,0.0000
2017-01-06,115.8000,118.1600,114.7600,117.9100,27.2670,103845468,0.0000
2016-12-30,116.5200,118.0166,115.4300,115.8200,26.7837,84828531,0.0000
2016-12-23,115.8000,117.5000,115.5900,116.5200,26.9456,113322891,0.0000
2016-12-16,113.2900,116.7300,112.4900,115.9700,26.8184,195015700,0.0000
2016-12-09,110.0000,114.7000,108.2500,113.9500,26.3513,151989664,0.0000
2016-12-02,111.4300,112.4650,108.8500,109.9000,25.4147,155499850,0.0000
2016-11-25,110.1200,112.4200,110.0100,111.7900,25.8517,94132421,0.0000
2016-11-18,107.3200,110.5400,104.0800,110.0600,25.4517,198341456,0.0000
2016-11-11,110.0800,111.7200,105.8300,108.4300,25.0747,207268979,0.0000
2016-11-04,113.6500,114.2300,108.1100,108.8400,25.1696,156346518,0.5700
2016-10-28,117.1000,118.3600,113.3100,113.7200,26.1623,210225569,0.0000
2016-10-21,117.3300,118.2100,113.8000,116.6000,26.8249,115531434,0.0000
2016-10-14,115.0200,118.6900,114.7200,117.6300,27.0618,208708383,0.0000
2016-10-07,112.7100,114.5600,112.2800,114.0600,26.2405,126029440,0.0000
2016-09-30,111.6400,114.6400,111.5500,113.0500,26.0081,156384035,0.0000
2016-09-23,115.1900,116.1800,111.5500,112.7100,25.9299,201095635,0.0000
2016-09-16,102.6500,116.1300,102.5300,114.9200,26.4384,390309366,0.0000
2016-09-09,107.9000,108.7600,103.1300,103.1300,23.7260,168803729,0.0000
2016-09-02,106.6200,108.0000,105.5000,107.7300,24.7842,133000624,0.0000
2016-08-26,108.8600,109.3200,106.3100,106.9400,24.6025,123605519,0.0000
2016-08-19,108.1400,110.2300,108.0800,109.3600,25.1592,132371408,0.0000
2016-08-12,107.5200,108.9400,107.1600,108.1800,24.8878,124505869,0.0000
2016-08-05,104.4100,107.6500,104.0000,107.4800,24.7267,170149120,0.5700
2016-07-29,98.2500,104.5500,96.4200,104.2100,23.8460,256571090,0.0000
2016-07-22,98.7000,101.0000,98.3100,98.6600,22.5761,147565456,0.0000
2016-07-15,96.7500,99.3000,96.7300,98.7800,22.6035,142910566,0.0000
2016-07-08,95.3900,96.8900,94.3700,96.6800,22.1230,112705961,0.0000
2016-07-01,93.0000,96.4650,91.5000,95.8900,21.9422,185461004,0.0000
2016-06-24,96.0000,96.8900,92.6500,93.4000,21.3724,206728924,0.0000
2016-06-17,98.6900,99.1200,95.3000,95.3300,21.8141,191732699,0.0000
2016-06-10,97.9900,101.8900,97.5500,98.8300,22.6150,124864375,0.0000
2016-06-03,99.6000,100.4000,96.6300,97.9200,22.4067,140176985,0.0000
2016-05-27,95.8700,100.7300,95.6700,100.3500,22.9628,204473324,0.0000
2016-05-20,92.3900,95.4300,91.6500,95.2200,21.7889,212707154,0.0000
2016-05-13,93.0000,93.7700,89.4700,90.5200,20.7134,216049836,0.0000
2016-05-06,93.9650,95.9000,91.8500,92.7200,21.2168,225607242,0.5700
2016-04-29,105.0000,105.6500,92.5100,93.7400,21.3199,349424063,0.0000
2016-04-22,108.8900,108.9500,104.6200,105.6800,24.0355,189053016,0.0000
2016-04-15,108.9700,112.3900,108.6600,109.8500,24.9839,162310051,0.0000
2016-04-08,110.4200,112.1900,108.1210,108.6600,24.7132,145722543,0.0000
2016-04-01,106.0000,110.4200,104.8800,109.9900,25.0157,147965003,0.0000
2016-03-24,105.9300,107.6500,104.8900,105.6700,24.0332,119783503,0.0000
2016-03-18,101.9100,106.5000,101.7800,105.9200,24.0901,182073165,0.0000
2016-03-11,102.3900,102.8300,100.1500,102.2600,23.2576,155221501,0.0000
2016-03-04,96.8600,103.7500,96.6500,103.0100,23.4282,201803826,0.0000
2016-02-26,96.3100,98.0237,93.3200,96.9100,22.0409,159052926,0.0000
2016-02-19,95.0200,98.8900,94.6100,96.0400,21.8430,168316315,0.0000
2016-02-12,93.1300,96.3500,92.5900,93.9900,21.3768,231122263,0.0000
2016-02-05,96.4700,97.3300,93.6900,94.0200,21.3836,217154766,0.5200
2016-01-29,101.5200,101.5300,92.3900,97.3400,22.0201,380336530,0.0000
2016-01-22,98.4100,101.4600,93.4200,101.4200,22.9431,243384093,0.0000
2016-01-15,98.9700,101.1900,95.3600,97.1300,21.9726,304337253,0.0000
2016-01-08,102.6100,105.8500,96.4300,96.9600,21.9342,343790211,0.0000
2015-12-31,107.5900,109.4300,104.8200,105.2600,23.8118,123761546,0.0000
2015-12-24,107.2800,109.0000,105.5700,108.0300,24.4384,126634011,0.0000
2015-12-18,112.1800,112.8000,105.8100,106.0300,23.9860,315791335,0.0000
2015-12-11,118.9800,119.8600,112.8510,113.1800,25.6034,188853944,0.0000
2015-12-04,117.9900,119.4100,114.2200,119.0300,26.9268,206765745,0.0000
2015-11-27,119.2700,119.7300,117.1200,117.8100,26.6508,109720453,0.0000
2015-11-20,111.3800,119.9200,111.0000,119.3000,26.9879,189947415,0.0000
2015-11-13,120.9600,121.8100,112.2700,112.3400,25.4134,216555289,0.0000
2015-11-06,119.8700,123.8200,119.6100,121.0600,27.3860,195203256,0.5200
2015-10-30,118.0800,121.2200,113.9900,119.5000,26.9174,322362121,0.0000
2015-10-23,110.8000,119.2280,110.1100,119.0800,26.8228,222074893,0.0000
2015-10-16,112.7300,112.7500,109.5600,111.0400,25.0118,184884970,0.0000
2015-10-09,109.8800,112.2800,108.2100,112.1200,25.2550,262432987,0.0000
2015-10-02,113.8500,114.5700,107.3100,110.3800,24.8631,311138027,0.0000
2015-09-25,113.6700,116.6900,112.3700,114.7100,25.8384,242696241,0.0000
2015-09-18,116.5800,116.8900,111.8700,113.4500,25.5546,277276007,0.0000
2015-09-11,111.6500,114.2100,109.7700,114.2100,25.7258,252662734,0.0000
2015-09-04,112.1300,114.5300,107.3600,109.2700,24.6131,298194194,0.0000
2015-08-28,94.8700,113.3100,92.0000,113.2900,25.5186,500362965,0.0000
2015-08-21,116.0400,117.6500,105.6450,105.7600,23.8224,320509056,0.0000
2015-08-14,116.5300,119.9900,109.6300,115.9600,26.1200,345185326,0.0000
2015-08-07,121.5000,122.5700,112.1000,115.5200,26.0209,384072497,0.5200
2015-07-31,123.0900,123.9100,120.9100,121.3000,27.2000,191598511,0.0000
2015-07-24,130.9700,132.9700,121.9900,124.5000,27.9175,344269021,0.0000
2015-07-17,125.0300,129.6200,124.3200,129.6200,29.0656,189245034,0.0000
2015-07-10,124.9400,126.2300,119.2200,123.2800,27.6440,275718368,0.0000
2015-07-02,125.4600,126.9400,124.4800,126.4400,28.3526,150981872,0.0000
2015-06-26,127.4900,129.8000,126.5100,126.7500,28.4221,195594004,0.0000
2015-06-19,126.1000,128.3100,125.7100,126.6000,28.3884,198525255,0.0000
2015-06-12,128.9000,130.1800,125.6200,127.1700,28.5162,220114589,0.0000
2015-06-05,131.2000,131.3900,128.3600,128.6500,28.8481,170840884,0.0000
2015-05-29,132.6000,132.9100,129.1200,130.2800,29.2136,198148567,0.0000
2015-05-22,128.3800,132.9700,128.3600,132.5400,29.7204,217297426,0.0000
2015-05-15,127.3900,129.4900,124.8200,128.7700,28.8750,208301514,0.0000
2015-05-08,129.5000,130.5700,123.3600,127.6200,28.6172,271891981,0.5200
2015-05-01,132.3100,134.5400,124.5800,128.9500,28.7959,420972321,0.0000
2015-04-24,125.5700,130.6300,125.1700,130.2800,29.0929,207440679,0.0000
2015-04-17,128.3700,128.5700,124.4600,124.7500,27.8579,171186168,0.0000
2015-04-10,124.4700,128.1218,124.3300,127.1000,28.3827,182207413,0.0000
2015-04-02,124.0500,126.4900,123.1000,125.3200,27.9852,162031791,0.0000
2015-03-27,127.1200,128.0400,122.6000,123.2500,27.5230,209326175,0.0000
2015-03-20,123.8800,129.2451,122.8700,125.9000,28.1148,266672975,0.0000
2015-03-13,127.9600,129.5700,121.6300,123.5900,27.5989,326514045,0.0000
2015-03-06,129.2500,130.2800,125.7600,126.6000,28.2711,246938492,0.0000
2015-02-27,130.0200,133.6000,126.6100,128.4600,28.6864,368216362,0.0000
2015-02-20,127.4900,129.5000,126.9200,129.4950,28.9176,194354942,0.0000
2015-02-13,118.5500,127.4800,118.4300,127.0800,28.3783,303206785,0.0000
2015-02-06,118.0500,120.5100,116.0800,118.9300,26.5583,270757404,0.4700
2015-01-30,113.7400,120.0000,109.0300,117.1600,26.0609,465842684,0.0000
2015-01-23,107.8400,113.7500,106.5000,112.9800,25.1311,198737041,0.0000
2015-01-16,112.6000,112.8000,105.2000,105.9900,23.5763,304226647,0.0000
2015-01-09,108.2900,113.2500,104.6300,112.0100,24.9153,282868187,0.0000
2015-01-02,113.7900,114.7700,107.3500,109.3300,24.3192,152088374,0.0000
2014-12-26,112.1600,114.5200,111.9700,113.9900,25.3558,119396530,0.0000
2014-12-19,110.7000,113.2400,106.2600,111.7800,24.8642,328856576,0.0000
2014-12-12,114.1000,114.8500,109.3500,109.7300,24.4082,259937920,0.0000
2014-12-05,118.8100,119.2500,111.2700,115.0000,25.5804,266701088,0.0000
2014-11-28,116.8500,119.7500,116.6200,118.9300,26.4546,181937552,0.0000
2014-11-21,114.2700,117.5700,113.3000,116.4700,25.9074,233414685,0.0000
2014-11-14,109.0200,114.1900,108.4000,114.1800,25.3980,205166680,0.0000
2014-11-07,108.2200,110.3000,107.7200,109.0100,24.2480,199952812,0.4700
2014-10-31,104.8500,108.0400,104.7000,108.0000,23.9199,220230607,0.0000
2014-10-24,98.3150,105.4900,98.2200,105.2200,23.3042,358532919,0.0000
2014-10-17,101.3300,101.7800,95.1800,97.6700,21.6320,358539741,0.0000
2014-10-10,99.9500,102.3800,98.3100,100.7300,22.3098,280258156,0.0000
2014-10-03,98.6500,101.5400,98.0400,99.6200,22.0639,247749150,0.0000
2014-09-26,101.8000,102.9400,97.7200,100.7500,22.3142,337730724,0.0000
2014-09-19,102.8100,103.0500,98.8900,100.9600,22.3607,296789500,0.0000
2014-09-12,99.3000,103.0800,96.1400,101.6600,22.5157,461559500,0.0000
2014-09-05,103.0600,103.7400,97.7900,98.9700,21.9200,322672500,0.0000
2014-08-29,101.7900,102.9000,100.7000,102.5000,22.7018,233048700,0.0000
2014-08-22,98.4900,101.4700,97.9800,101.3200,22.4404,246983800,0.0000
2014-08-15,95.2700,98.1900,94.8355,97.9800,21.7007,179363000,0.0000
2014-08-08,96.3700,96.5800,93.2800,94.7400,20.9831,223025000,0.4700
2014-08-01,97.8200,99.4400,94.8100,96.1300,21.1856,236825000,0.0000
2014-07-25,94.9900,97.8800,93.7200,97.6710,21.5252,276392000,0.0000
2014-07-18,95.8600,97.1000,92.5700,94.4300,20.8109,249075900,0.0000
2014-07-11,94.1400,96.8000,93.5200,95.2200,20.9850,231830000,0.0000
2014-07-03,92.1000,94.1000,92.0900,94.0300,20.7228,139168800,0.0000
2014-06-27,91.3200,92.0000,89.6500,91.9800,20.2710,216257000,0.0000
2014-06-20,91.5100,92.7500,90.9000,90.9100,20.0352,235227000,0.0000
2014-06-13,92.7000,95.0500,90.8800,91.2800,20.1167,293146997,0.0000
2014-06-06,633.9600,651.2600,622.5000,645.5700,20.3248,58974500,0.0000
2014-05-30,615.8800,644.1700,615.6300,633.0000,19.9290,57315800,0.0000
2014-05-23,597.8500,614.7293,597.3300,614.1300,19.3349,42229300,0.0000
2014-05-16,587.4900,597.5300,585.4000,597.5100,18.8117,37373300,0.0000
2014-05-09,590.1400,604.4099,580.3300,585.5425,18.4349,52371100,3.2900
2014-05-02,572.8000,599.4300,572.5500,592.5800,18.5527,67823800,0.0000
2014-04-25,525.3400,571.9900,523.9600,571.9400,17.9065,68937100,0.0000
2014-04-17,521.9000,527.7600,511.3300,524.9400,16.4350,34688000,0.0000
2014-04-11,528.0200,532.2400,517.1400,519.6100,16.2681,44688500,0.0000
2014-04-04,539.2300,543.4800,530.5800,531.8200,16.6504,35265900,0.0000
2014-03-28,538.4200,549.0000,534.2500,536.8600,16.8082,48584200,0.0000
2014-03-21,527.7000,536.2400,525.2001,532.8700,16.6833,43442600,0.0000
2014-03-14,528.3600,539.6600,523.0000,524.6900,16.4272,41145600,0.0000
2014-03-07,523.4200,534.7500,522.8100,530.4400,16.6072,39435800,0.0000
2014-02-28,523.1500,532.7500,515.6000,526.2400,16.4757,52533200,0.0000
2014-02-21,546.0000,551.1900,524.6000,525.2500,16.4447,41380800,0.0000
2014-02-14,518.6600,545.9799,518.0000,543.9900,17.0314,54151400,0.0000
2014-02-07,502.6100,522.9299,499.3000,519.6800,16.2703,61947700,3.0500
2014-01-31,550.0700,554.8000,493.5500,500.6000,15.5802,116661100,0.0000
2014-01-24,540.9900,557.2900,540.4200,546.0700,16.9954,55039500,0.0000
2014-01-17,529.9100,560.2000,529.8800,540.6700,16.8273,62811100,0.0000
2014-01-10,537.4500,546.8600,531.1100,532.9400,16.5867,56159800,0.0000
2014-01-03,557.4600,561.2800,540.4300,540.9800,16.8370,39423800,0.0000
2013-12-27,568.0000,571.8800,559.5000,560.0900,17.4317,39241200,0.0000
2013-12-20,555.0200,562.6389,538.8000,549.0200,17.0872,65538600,0.0000
2013-12-13,560.9001,570.9700,553.6700,554.4300,17.2556,55485500,0.0000
2013-12-06,558.0000,575.1358,550.8200,560.0200,17.4295,74759100,0.0000
2013-11-29,521.0200,558.3300,521.0000,556.0700,17.3066,46866800,0.0000
2013-11-22,524.9900,527.1900,513.6700,519.8000,16.1778,40484000,0.0000
2013-11-15,519.9900,529.2800,514.4100,524.9910,16.3393,43903200,0.0000
2013-11-08,521.1000,528.8850,512.3800,520.5600,16.2014,45541200,3.0500
2013-11-01,529.0400,539.2500,514.5400,520.0300,16.0907,74678500,0.0000
2013-10-25,511.7700,533.2300,508.0300,525.9580,16.2741,70301800,0.0000
2013-10-18,489.8300,509.2600,489.3500,508.8900,15.7460,49186000,0.0000
2013-10-11,486.5600,493.8400,478.2800,492.8120,15.2485,51831300,0.0000
2013-10-04,477.2500,492.3500,474.4110,483.0300,14.9459,53030200,0.0000
2013-09-27,496.1000,496.9100,480.7200,482.7500,14.9372,68166800,0.0000
2013-09-20,461.0000,478.5500,447.2200,467.4100,14.4626,89421200,0.0000
2013-09-13,505.0000,507.9200,464.7000,464.9000,14.3849,95909500,0.0000
2013-09-06,493.1000,502.2400,487.3500,498.2200,15.4159,45459100,0.0000
2013-08-30,500.7500,510.2000,486.0000,487.2160,15.0754,56239900,0.0000
2013-08-23,504.3400,513.7400,498.2000,501.0200,15.5025,59715200,0.0000
2013-08-16,456.8600,504.2500,456.6300,502.3300,15.5431,101976700,0.0000
2013-08-09,464.6900,471.8900,453.6500,454.4500,14.0616,52686200,3.0500
2013-08-02,440.8000,462.8500,440.2000,462.5400,14.2178,48624000,0.0000
2013-07-26,429.4600,444.5900,418.7100,440.9900,13.5554,57099100,0.0000
2013-07-19,425.0100,434.8700,424.1700,424.9500,13.0623,40894500,0.0000
2013-07-12,420.1100,429.7900,410.3800,426.5100,13.1103,54928000,0.0000
2013-07-05,402.6900,423.2900,401.2200,417.4200,12.8309,49138300,0.0000
2013-06-28,407.4000,408.6600,388.8700,396.5300,12.1888,74228400,0.0000
2013-06-21,431.4400,435.7000,408.1001,413.5000,12.7104,57278900,0.0000
2013-06-14,444.7300,449.0790,428.5000,430.0500,13.2191,55685400,0.0000
2013-06-07,450.7300,454.4300,432.7700,441.8110,13.5806,63469300,0.0000
2013-05-31,449.9000,457.1000,439.4000,449.7350,13.8242,51948000,0.0000
2013-05-24,431.9100,448.3499,430.1000,445.1500,13.6833,70708100,0.0000
2013-05-17,451.5100,457.9000,418.9000,433.2600,13.3178,90599600,0.0000
2013-05-10,455.7100,465.7500,450.4800,452.9700,13.9236,78083300,3.0500
2013-05-03,420.4500,453.2300,420.0000,449.9800,13.7400,93639400,0.0000
2013-04-26,392.6400,418.7690,391.2750,417.2050,12.7392,114740900,0.0000
2013-04-19,427.0000,427.8900,385.1000,390.5300,11.9247,101568600,0.0000
2013-04-12,424.8500,437.9900,422.4900,429.8000,13.1238,55369600,0.0000
2013-04-05,441.9000,443.6980,419.6800,423.2000,12.9223,72307500,0.0000
2013-03-28,464.6900,469.9500,441.6200,442.6600,13.5165,56053800,0.0000
2013-03-22,441.4500,462.1000,441.2000,461.9100,14.1043,79285500,0.0000
2013-03-15,429.7499,444.2300,425.1400,443.6600,13.5470,81911900,0.0000
2013-03-08,427.8000,435.4300,419.0000,431.7200,13.1824,90764100,0.0000
2013-03-01,453.8500,455.1200,429.9800,430.4700,13.1443,83442600,0.0000
2013-02-22,461.1000,462.7300,442.8200,450.8100,13.7653,60354400,0.0000
2013-02-15,476.5000,484.9400,459.9200,460.1600,14.0508,83884700,0.0000
2013-02-08,453.9100,478.8100,442.0000,474.9800,14.5034,106496800,2.6500
2013-02-01,437.8250,462.6000,435.8600,453.6200,13.7732,94023200,0.0000
2013-01-25,504.5600,514.9900,435.0000,439.8800,13.3560,142569100,0.0000
2013-01-18,502.6800,510.7500,483.3800,500.0000,15.1814,115299500,0.0000
2013-01-11,522.0000,531.8900,515.2000,520.3000,15.7978,82218600,0.0000
2013-01-04,510.5300,555.0000,509.0000,527.0000,16.0012,77403900,0.0000
2012-12-28,520.3500,524.2500,504.6600,509.5892,15.4726,45985300,0.0000
2012-12-21,508.9300,534.9000,501.2300,519.3300,15.7683,103950700,0.0000
2012-12-14,525.0000,549.5600,505.5800,509.7940,15.4788,119457600,0.0000
2012-12-07,593.6500,594.5900,518.6300,533.2500,16.1910,140365700,0.0000
2012-11-30,575.9000,594.2500,572.2600,585.2800,17.7708,92528300,0.0000
2012-11-23,540.7097,572.0000,539.8800,571.5000,17.3524,75425000,0.0000
2012-11-16,554.1500,554.5000,505.7501,527.6780,16.0218,127954500,0.0000
2012-11-09,583.5150,590.7400,533.7200,547.0600,16.6103,131562900,2.6500
2012-11-02,594.8800,603.0000,574.7500,576.8000,17.4305,52524100,0.0000
2012-10-26,612.4200,635.3800,591.0000,604.0000,18.2525,124541500,0.0000
2012-10-19,632.3500,652.7900,609.6200,609.8400,18.4289,92572200,0.0000
2012-10-12,646.8800,647.5600,623.5500,629.7140,19.0295,106894400,0.0000
2012-10-05,671.5000,676.7500,650.6500,652.5900,19.7208,91450000,0.0000
2012-09-28,686.8600,695.1200,660.3500,667.1050,20.1594,102295000,0.0000
2012-09-21,699.3500,705.0700,693.6200,700.0950,21.1564,71663100,0.0000
2012-09-14,680.4500,696.9800,656.0000,691.2800,20.8900,103680300,0.0000
2012-09-07,665.7600,682.4800,664.5000,680.4400,20.5624,50897500,0.0000
2012-08-31,679.9900,680.8700,657.2500,665.2400,20.1031,54937600,0.0000
2012-08-24,650.0100,674.8800,648.1100,663.2220,20.0421,101746300,0.0000
2012-08-17,623.3900,648.1900,623.2500,648.1100,19.5854,56201400,0.0000
2012-08-10,617.2900,625.0000,615.2600,621.7000,18.7873,44779900,2.6500
2012-08-03,590.9200,617.9800,587.8200,615.7000,18.5269,67966100,0.0000
2012-07-27,594.4000,609.6800,570.0000,585.1600,17.6080,97892500,0.0000
2012-07-20,605.1200,615.3500,603.1500,604.3000,18.1839,60068500,0.0000
2012-07-13,605.3000,619.8700,592.6800,604.9700,18.2041,75005500,0.0000
2012-07-06,584.7300,614.3400,583.6000,605.8800,18.2314,55182800,0.0000
2012-06-29,577.3000,584.0000,565.6100,584.0000,17.5731,53151900,0.0000
2012-06-22,570.9600,590.0000,570.3700,582.1000,17.5159,63270800,0.0000
2012-06-15,587.7200,588.5000,566.7000,574.1300,17.2761,71466200,0.0000
2012-06-08,561.5000,580.5840,548.5000,580.3200,17.4623,74069600,0.0000
2012-06-01,570.9000,581.5000,560.5200,560.9900,16.8807,68664300,0.0000
2012-05-25,534.5000,576.5000,534.0500,562.2900,16.9198,97700400,0.0000
2012-05-18,562.5700,567.5100,522.1800,530.3800,15.9596,101406100,0.0000
2012-05-11,561.5000,575.8800,558.7300,566.7100,17.0528,77529300,0.0000
2012-05-04,597.8000,598.4000,565.1700,565.2500,17.0088,88038400,0.0000
2012-04-27,570.6100,618.0000,555.0000,603.0000,18.1448,138973100,0.0000
2012-04-20,610.0600,620.2500,570.4200,572.9800,17.2415,174876800,0.0000
2012-04-13,626.1300,644.0000,603.5100,605.2300,18.2119,130637800,0.0000
2012-04-05,601.8300,634.6600,600.3800,633.6800,19.0680,94542500,0.0000
2012-03-30,599.7900,621.4500,595.2600,599.5500,18.0410,114200300,0.0000
2012-03-23,598.3700,609.6500,582.0000,596.0500,17.9356,122010700,0.0000
2012-03-16,548.9820,600.0100,547.0000,585.5700,17.6203,160792400,0.0000
2012-03-09,545.4200,547.7400,516.2210,545.1700,16.4046,119759300,0.0000
2012-03-02,521.3100,548.2100,516.2800,545.1800,16.4049,114820100,0.0000
2012-02-24,506.8800,522.9000,504.1200,522.4100,15.7198,73999900,0.0000
2012-02-17,499.5300,526.2900,486.6300,502.1200,15.1092,141574700,0.0000
2012-02-10,458.3800,497.6200,458.2010,493.4200,14.8474,88894400,0.0000
2012-02-03,445.7100,460.0000,445.3900,459.6800,13.8322,54088100,0.0000
2012-01-27,422.6700,454.4500,419.5500,447.2800,13.4590,86989600,0.0000
2012-01-20,424.2000,431.3690,419.7500,420.3000,12.6472,42692900,0.0000
2012-01-13,425.5001,427.7500,418.6600,419.8100,12.6324,46639800,0.0000
2012-01-06,409.4000,422.7500,409.0000,422.4000,12.7104,41135900,0.0000
2011-12-30,403.1000,409.0900,400.5100,405.0000,12.1868,31763500,0.0000
2011-12-23,382.4700,403.5900,380.4800,403.3300,12.1365,46694700,0.0000
2011-12-16,391.6800,395.4000,377.6800,381.0200,11.4652,61591500,0.0000
2011-12-09,393.4900,396.4100,386.7625,393.6200,11.8444,57818000,0.0000
2011-12-02,372.3500,393.6299,370.2000,389.7000,11.7264,67658700,0.0000
2011-11-25,370.4000,377.9300,363.3200,363.5700,10.9401,55001200,0.0000
2011-11-18,383.5201,391.1400,374.8800,374.9400,11.2823,73741600,0.0000
2011-11-11,399.9100,408.0000,380.2600,384.6200,11.5735,93855000,0.0000
2011-11-04,402.4200,409.3300,393.2200,400.2400,12.0436,71009200,0.0000
2011-10-28,396.1800,409.0000,393.1510,404.9500,12.1853,78799200,0.0000
2011-10-21,421.7400,426.7000,390.7500,392.8700,11.8218,137222200,0.0000
2011-10-14,379.0900,422.0000,378.2100,422.0000,12.6983,95358600,0.0000
2011-10-07,380.3700,384.7800,354.2400,369.8000,11.1276,144188800,0.0000
2011-09-30,399.8600,409.2500,381.1800,381.3200,11.4742,109776400,0.0000
2011-09-23,397.0000,422.8600,395.2045,404.3000,12.1657,132869600,0.0000
2011-09-16,375.8900,400.5030,371.9000,400.5000,12.0514,91408900,0.0000
2011-09-09,367.3700,388.6100,366.4800,377.4800,11.3587,65758800,0.0000
2011-09-02,388.1800,392.0800,371.8300,374.0500,11.2555,76015800,0.0000
2011-08-26,364.5100,383.8000,355.0900,383.5800,11.5422,118972900,0.0000
2011-08-19,379.6300,384.9700,356.0000,356.0300,10.7132,108167100,0.0000
2011-08-12,361.6900,379.6400,353.0200,376.9900,11.3439,156286400,0.0000
2011-08-05,397.7800,399.5000,362.5700,373.6200,11.2425,145031500,0.0000
2011-07-29,390.3500,404.5000,384.0000,390.4800,11.7499,105440400,0.0000
2011-07-22,365.4300,396.2700,365.2800,393.3000,11.8347,120585800,0.0000
2011-07-15,356.3400,365.0000,348.6200,364.9200,10.9807,78604400,0.0000
2011-07-08,343.0000,360.0000,342.5000,359.7100,10.8240,60320600,0.0000
2011-07-01,327.5900,343.5000,327.2500,343.2600,10.3290,62318800,0.0000
2011-06-24,317.3550,333.1500,310.5000,326.3500,9.8201,90149200,0.0000
2011-06-17,327.2000,333.2500,318.3300,320.2600,9.6369,78173200,0.0000
2011-06-10,344.8400,347.0500,325.5100,325.9000,9.8066,72660500,0.0000
2011-06-03,341.1000,352.1320,341.0000,343.4400,10.3344,58016800,0.0000
2011-05-27,329.9700,338.5600,329.4200,337.4100,10.1530,50925400,0.0000
2011-05-20,339.2000,342.4140,330.7300,335.2200,10.0871,65572300,0.0000
2011-05-13,347.8600,350.0000,340.3500,340.5000,10.2459,52534100,0.0000
2011-05-06,349.7400,351.8300,345.5000,346.6600,10.4313,62907700,0.0000
2011-04-29,350.3400,354.9900,345.5200,350.1300,10.5357,83173700,0.0000
2011-04-21,326.1000,355.1300,320.1600,350.6960,10.5527,88705500,0.0000
2011-04-15,334.0600,336.1400,326.8000,327.4600,9.8535,68793300,0.0000
2011-04-08,344.3100,344.6000,333.9500,335.0600,10.0822,74869200,0.0000
2011-04-01,353.1500,354.3200,343.3000,344.5600,10.3681,60155100,0.0000
2011-03-25,335.9900,352.0600,335.2600,351.5400,10.5781,70069400,0.0000
2011-03-18,353.1800,356.4844,326.2600,330.6700,9.9501,133274500,0.0000
2011-03-11,361.4000,361.6700,344.9000,351.9900,10.5917,83370200,0.0000
2011-03-04,351.2400,360.2900,347.6810,360.0000,10.8327,86280600,0.0000
2011-02-25,342.1500,348.4300,337.7200,348.1600,10.4764,86583200,0.0000
2011-02-18,356.7900,364.9000,349.5200,350.5600,10.5486,86513900,0.0000
2011-02-11,347.8900,360.0000,347.6400,356.8500,10.7379,94461800,0.0000
2011-02-04,335.8000,346.7000,334.3000,346.5000,10.4265,63516900,0.0000
2011-01-28,326.8700,345.6000,326.7200,336.1000,10.1135,89482500,0.0000
2011-01-21,329.5200,348.6000,326.0000,326.7200,9.8313,161992900,0.0000
2011-01-14,338.8300,348.4800,337.1700,348.4800,10.4861,64317100,0.0000
2011-01-07,325.6400,336.3500,324.8365,336.1200,10.1141,57932100,0.0000
2010-12-31,322.8519,326.6600,321.3100,322.5600,9.7061,33567200,0.0000
2010-12-23,321.6000,325.7200,318.2300,323.6000,9.7374,40394400,0.0000
2010-12-17,324.3700,325.0600,319.0000,320.6100,9.6474,68467700,0.0000
2010-12-10,318.6400,323.9900,317.1100,320.5600,9.6459,61376200,0.0000
2010-12-03,315.5000,319.0000,310.8700,317.4400,9.5520,79083000,0.0000
2010-11-26,306.6800,317.6999,305.8700,315.0000,9.4786,55851200,0.0000
2010-11-19,308.4600,310.5400,297.7600,306.7300,9.2298,86430000,0.0000
2010-11-12,317.2000,321.3000,303.6300,308.0300,9.2689,78809300,0.0000
2010-11-05,302.2200,320.1800,302.2000,317.1300,9.5427,84639600,0.0000
2010-10-29,309.0900,311.6000,300.8700,300.9800,9.0567,77355600,0.0000
2010-10-22,318.4700,319.0000,300.0200,307.4700,9.2520,141844900,0.0000
2010-10-15,294.7400,315.0000,292.4900,314.7400,9.4708,106210000,0.0000
2010-10-08,281.6000,294.5000,277.7700,294.0700,8.8488,95533600,0.0000
2010-10-01,293.9750,294.7300,275.0000,282.5200,8.5013,111037700,0.0000
2010-09-24,276.0800,293.5300,275.8500,292.3200,8.7962,119558800,0.0000
2010-09-17,265.8200,277.9600,265.5200,275.3700,8.2861,89745700,0.0000
2010-09-10,256.6400,266.5200,256.2500,263.4100,7.9262,60543800,0.0000
2010-09-03,240.7600,258.7800,240.3500,258.7700,7.7866,87047500,0.0000
2010-08-27,251.7900,252.0000,235.5600,241.6200,7.2705,93870400,0.0000
2010-08-20,247.5800,254.6700,246.6200,249.6400,7.5119,67560800,0.0000
2010-08-13,261.4800,262.1500,246.1200,249.1000,7.4956,80889000,0.0000
2010-08-06,260.4400,264.2800,257.6300,260.0910,7.8264,71431400,0.0000
2010-07-30,260.0000,265.9900,254.9000,257.2500,7.7409,93475900,0.0000
2010-07-23,249.8800,265.1500,239.6000,259.9400,7.8218,159421700,0.0000
2010-07-16,258.5300,261.8500,246.4300,249.9000,7.5197,158234800,0.0000
2010-07-09,251.0000,262.9000,246.1600,259.6200,7.8122,87187800,0.0000
2010-07-02,266.9300,269.7500,243.2000,246.9400,7.4306,149088700,0.0000
2010-06-25,277.6900,279.0100,265.8100,266.7000,8.0252,125943900,0.0000
2010-06-18,255.9600,275.0000,254.0100,274.0740,8.2471,129613900,0.0000
2010-06-11,258.2900,259.1500,242.2000,253.5100,7.6283,145159200,0.0000
2010-06-04,259.6900,265.9400,254.6300,255.9650,7.7022,106194000,0.0000
2010-05-28,247.2800,259.4000,237.1600,256.8800,7.7297,147671300,0.0000
2010-05-21,254.7000,258.5500,231.3500,242.3200,7.2916,181358800,0.0000
2010-05-14,250.2500,265.0000,248.5300,253.8200,7.6377,137381000,0.0000
2010-05-07,263.8400,267.8800,199.2500,235.8600,7.0972,179398000,0.0000
2010-04-30,271.8800,272.4600,256.4100,261.0900,7.8564,108861400,0.0000
2010-04-23,247.0300,272.1800,241.7700,270.8300,8.1495,138500800,0.0000
2010-04-16,242.2000,251.1400,241.1100,247.4000,7.4445,77523000,0.0000
2010-04-09,234.9750,241.9200,234.7700,241.7900,7.2757,95257100,0.0000
2010-04-01,233.0000,238.7300,231.6200,235.9700,7.1005,75066400,0.0000
2010-03-26,220.4700,231.9500,220.1500,230.9000,6.9480,101421100,0.0000
2010-03-19,225.3800,226.4500,220.2500,222.2499,6.6877,81890100,0.0000
2010-03-12,220.0100,227.7300,217.8900,226.6000,6.8186,98871100,0.0000
2010-03-05,205.7500,219.7000,205.4500,218.9500,6.5884,98369800,0.0000
2010-02-26,202.3400,205.1700,195.7100,204.6200,6.1572,92814700,0.0000
2010-02-19,201.9400,204.3100,200.8600,201.6700,6.0684,64943900,0.0000
2010-02-12,195.6900,201.6400,194.0000,200.3800,6.0296,95976200,0.0000
2010-02-05,192.3700,200.2000,190.8500,195.4600,5.8816,131125200,0.0000
2010-01-29,202.5100,213.7100,190.2500,192.0630,5.7793,252672600,0.0000
2010-01-22,208.3300,215.5500,197.1600,197.7500,5.9505,101145800,0.0000
2010-01-15,212.8000,213.0000,204.1000,205.9300,6.1966,96055100,0.0000
2010-01-08,213.4300,215.5900,209.0500,211.9800,6.3787,91876300,0.0000
2009-12-31,211.7200,213.9500,208.3100,210.7320,6.3411,66223800,0.0000
2009-12-24,196.0500,209.3500,195.6700,209.0400,6.2902,64565600,0.0000
2009-12-18,195.3700,197.5100,191.0000,195.4300,5.8807,80923000,0.0000
2009-12-11,193.3200,199.7000,188.6800,194.6700,5.8578,107478000,0.0000
2009-12-04,201.1100,202.7700,190.2800,193.3200,5.8172,102910200,0.0000
2009-11-27,203.0000,206.0000,198.3700,200.5900,6.0359,49108800,0.0000
2009-11-20,205.4800,208.0000,197.7600,199.9200,6.0158,78751200,0.0000
2009-11-13,196.9400,205.0000,196.2600,204.4500,6.1521,74317600,0.0000
2009-11-06,189.8000,195.1900,185.5700,194.3400,5.8479,84605500,0.0000
2009-10-30,203.6700,206.7500,186.0667,188.5000,5.6721,119538300,0.0000
2009-10-23,187.8500,208.7099,185.5500,203.9400,6.1367,160327700,0.0000
2009-10-16,191.0200,192.3200,187.8400,188.0500,5.6586,64876400,0.0000
2009-10-09,186.2000,191.4500,184.2701,190.4700,5.7314,79477500,0.0000
2009-10-02,183.8700,187.4000,180.7000,184.9000,5.5638,82158400,0.0000
2009-09-25,184.2900,188.9000,181.4400,182.3700,5.4877,85148300,0.0000
2009-09-18,170.8300,186.7900,170.2500,185.0200,5.5674,104095000,0.0000
2009-09-11,172.9800,174.4700,169.7000,172.1600,5.1804,70222500,0.0000
2009-09-04,168.1600,170.7000,164.1100,170.3100,5.1248,64757100,0.0000
2009-08-28,170.1200,172.4900,164.8300,170.0500,5.1169,69220200,0.0000
2009-08-21,163.5500,169.3700,159.4200,169.2200,5.0920,75961100,0.0000
2009-08-14,165.6600,168.6700,161.8800,166.7800,5.0186,65946600,0.0000
2009-08-07,165.2100,167.3900,163.0900,165.5100,4.9803,69364500,0.0000
2009-07-31,160.1700,165.0000,157.2600,163.3900,4.9165,73970200,0.0000
2009-07-24,153.2700,160.0000,149.7500,159.9860,4.8141,123204900,0.0000
2009-07-17,139.5400,152.0200,137.5300,151.7500,4.5663,82573600,0.0000
2009-07-10,138.7000,139.6800,134.4200,138.5200,4.1682,83018400,0.0000
2009-07-02,143.4600,144.6600,139.7900,140.0200,4.2133,63803500,0.0000
2009-06-26,140.6700,143.5600,132.8800,142.4400,4.2861,101993000,0.0000
2009-06-19,136.0100,139.5000,134.5300,139.4800,4.1971,99125200,0.0000
2009-06-12,143.8200,144.5600,136.0400,136.9700,4.1215,120898200,0.0000
2009-06-05,136.4700,146.4000,136.0000,144.6700,4.3532,94902600,0.0000
2009-05-29,124.7600,135.9000,124.5500,135.8100,4.0866,79551300,0.0000
2009-05-22,123.7300,129.3100,121.5700,122.5000,3.6861,68778300,0.0000
2009-05-15,127.3700,130.9600,119.3800,122.4200,3.6837,86625200,0.0000
2009-05-08,128.2400,133.5000,126.2600,129.1900,3.8874,88603300,0.0000
2009-05-01,122.9000,127.9500,122.6600,127.2400,3.8288,81809400,0.0000
2009-04-24,121.7300,127.2000,118.6000,123.9000,3.7283,120065700,0.0000
2009-04-17,120.0100,124.2500,115.7600,123.4200,3.7138,83845800,0.0000
2009-04-09,114.9400,120.0000,113.2800,119.5700,3.5980,77894000,0.0000
2009-04-03,104.5100,116.1300,102.6100,115.9900,3.4902,111102000,0.0000
2009-03-27,102.7100,109.9800,101.7500,106.8500,3.2152,109384000,0.0000
2009-03-20,96.4500,103.4800,94.1800,101.5900,3.0569,127703400,0.0000
2009-03-13,84.1200,97.2000,82.5700,95.9300,2.8866,134234100,0.0000
2009-03-06,89.3100,92.7700,82.3300,85.3000,2.5667,141240000,0.0000
2009-02-27,91.6000,92.9200,86.5100,89.3100,2.6874,134416700,0.0000
2009-02-20,96.7900,97.0400,89.0000,91.2000,2.7443,108433500,0.0000
2009-02-13,101.1650,103.0000,95.7700,99.1600,2.9838,130900400,0.0000
2009-02-06,89.1000,100.0000,88.9000,99.7200,3.0007,121515500,0.0000
2009-01-30,88.8800,95.0000,88.3000,90.1300,2.7121,121996100,0.0000
2009-01-23,81.9300,90.0000,78.2000,88.3600,2.6588,149374400,0.0000
2009-01-16,90.4600,90.9900,80.0500,82.3300,2.4774,189894200,0.0000
2009-01-09,93.1700,97.1700,90.0400,90.5800,2.7256,158725500,0.0000
2009-01-02,86.5200,91.0400,84.7200,90.7500,2.7307,107398500,0.0000
2008-12-26,90.0200,90.0300,84.5500,85.8100,2.5821,73551100,0.0000
2008-12-19,95.9900,96.4800,88.0200,90.0000,2.7082,176373600,0.0000
2008-12-12,97.2800,103.6000,92.5300,98.2700,2.9570,193159900,0.0000
2008-12-05,91.3000,96.2300,86.5000,94.0000,2.8285,198083400,0.0000
2008-11-28,85.2100,95.2500,84.8400,92.6700,2.7885,138398600,0.0000
2008-11-21,88.4800,91.5800,79.1400,82.5800,2.4849,243936000,0.0000
2008-11-14,100.1700,100.4000,86.0200,90.2400,2.7154,242381800,0.0000
2008-11-07,105.9300,111.7900,95.7200,98.2400,2.9561,218835800,0.0000
2008-10-31,95.0700,112.1900,91.8600,107.5900,3.2375,288990300,0.0000
2008-10-24,99.7800,101.2500,90.1100,96.3800,2.9002,330611700,0.0000
2008-10-17,104.5500,116.4000,85.8850,97.4000,2.9308,315964100,0.0000
2008-10-10,91.9600,101.5000,85.0000,96.8000,2.9128,358236200,0.0000
2008-10-03,119.6200,119.6800,94.6500,97.0700,2.9209,337463800,0.0000
2008-09-26,139.9400,140.2500,123.0000,128.2400,3.8588,189878200,0.0000
2008-09-19,142.0300,147.6900,120.6800,140.9100,4.2401,229573400,0.0000
2008-09-12,164.5700,164.8900,146.0000,148.9400,4.4817,179582500,0.0000
2008-09-05,172.4000,173.5000,157.6500,160.1800,4.8200,108781000,0.0000
2008-08-29,176.1500,176.2500,169.0401,169.5300,5.1013,87086800,0.0000
2008-08-22,175.5700,177.8100,171.8100,176.7900,5.3198,94804500,0.0000
2008-08-15,170.0700,180.4500,169.6700,175.7400,5.2882,142481500,0.0000
2008-08-08,156.5800,169.6500,152.9100,169.5500,5.1019,123524200,0.0000
2008-08-01,162.1800,162.4700,153.6500,156.6600,4.7140,120432300,0.0000
2008-07-25,166.9000,168.3700,146.5300,162.1200,4.8783,206253100,0.0000
2008-07-18,175.3700,179.3000,165.0000,165.1500,4.9695,153565300,0.0000
2008-07-11,173.0000,180.9100,171.0000,172.5800,5.1931,156257800,0.0000
2008-07-03,170.0400,177.4500,164.0000,170.1200,5.1191,112727100,0.0000
2008-06-27,174.7800,178.8300,164.1500,170.0900,5.1182,136572800,0.0000
2008-06-20,171.2500,182.3400,169.0700,175.2700,5.2740,158684700,0.0000
2008-06-13,184.9200,186.7800,165.3100,172.3700,5.1868,237327700,0.0000
2008-06-06,188.5000,189.9500,182.3354,185.6400,5.5861,138543300,0.0000
2008-05-30,182.8000,189.5400,181.8400,188.7500,5.6796,99687700,0.0000
2008-05-23,187.9000,188.6900,172.0000,181.1700,5.4516,185249300,0.0000
2008-05-16,185.1200,192.2400,182.8500,187.6201,5.6456,149914300,0.0000
2008-05-09,181.8100,188.2000,180.5400,183.4500,5.5202,160811400,0.0000
2008-05-02,169.7400,181.9200,169.1300,180.9400,5.4446,169995500,0.0000
2008-04-25,162.3500,171.1000,158.0900,169.7300,5.1073,238266300,0.0000
2008-04-18,146.7700,162.2600,144.5400,161.0400,4.8458,145354700,0.0000
2008-04-11,156.1300,159.6900,146.4000,147.1400,4.4276,186137800,0.0000
2008-04-04,143.2700,154.7150,142.5200,153.0800,4.6063,169699500,0.0000
2008-03-28,134.0100,145.7400,133.6400,143.0100,4.3033,179137000,0.0000
2008-03-20,122.5500,134.2900,122.5500,133.2700,4.0102,149894400,0.0000
2008-03-14,121.9800,130.3000,119.3700,126.6100,3.8098,201496600,0.0000
2008-03-07,124.4400,127.5000,118.0000,122.2500,3.6786,260872300,0.0000
2008-02-29,118.5900,132.2000,115.4400,125.0200,3.7620,253947700,0.0000
2008-02-22,125.9900,126.7500,115.8700,119.4600,3.5947,158588500,0.0000
2008-02-15,128.0100,131.0000,123.6200,124.6300,3.7502,187548000,0.0000
2008-02-08,134.2100,135.9000,117.2700,125.4800,3.7758,251887600,0.0000
2008-02-01,128.1600,136.6500,126.4500,133.7500,4.0246,220510600,0.0000
2008-01-25,148.0600,159.9800,126.1400,130.0100,3.9121,334583200,0.0000
2008-01-18,177.5200,179.4200,156.7000,161.3600,4.8555,326420600,0.0000
2008-01-11,181.2500,183.6000,168.3000,172.6900,5.1964,290184000,0.0000
2008-01-04,199.5000,200.5000,178.8900,180.0500,5.4179,139871800,0.0000
2007-12-28,195.0300,202.9600,194.7900,199.8300,6.0131,95682500,0.0000
2007-12-21,190.7200,193.9125,178.6000,193.9100,5.8349,172956900,0.0000
2007-12-14,193.5900,200.0000,185.7600,190.3900,5.7290,164210500,0.0000
2007-12-07,181.8600,194.9900,176.9900,194.3000,5.8467,164055300,0.0000
2007-11-30,173.5900,187.7000,170.0100,182.2200,5.4832,214729500,0.0000
2007-11-23,166.1000,172.3500,162.1000,171.5400,5.1618,156487100,0.0000
2007-11-16,165.2800,177.5700,150.6300,166.3900,5.0068,279592300,0.0000
2007-11-09,185.2900,192.6800,165.2100,165.3700,4.9761,220356800,0.0000
2007-11-02,185.7000,190.1200,180.0000,187.8700,5.6532,147158200,0.0000
2007-10-26,170.3500,188.6000,169.9601,184.7000,5.5578,229058000,0.0000
2007-10-19,167.9800,174.6300,163.5000,170.4200,5.1281,192458200,0.0000
2007-10-12,163.4900,171.8800,153.2100,167.2537,5.0328,187141900,0.0000
2007-10-05,154.6300,161.5800,152.9300,161.4499,4.8582,140074500,0.0000
2007-09-28,146.7300,155.0000,146.6500,153.4700,4.6180,160474300,0.0000
2007-09-21,138.9900,144.6500,137.6000,144.1500,4.3376,168395100,0.0000
2007-09-14,137.0000,139.4000,133.7500,138.8100,4.1769,169499200,0.0000
2007-09-07,139.9400,145.8400,130.0000,131.7700,3.9651,249175100,0.0000
2007-08-31,133.3907,139.6500,126.6300,138.4800,4.1670,191647700,0.0000
2007-08-24,123.9600,135.3700,120.5000,135.3000,4.0713,176671500,0.0000
2007-08-17,128.3300,129.3500,111.6200,122.0600,3.6729,198090100,0.0000
2007-08-10,132.9000,137.2400,120.3000,125.0000,3.7614,186405300,0.0000
2007-08-03,144.3300,145.4500,127.7700,131.8499,3.9675,219691800,0.0000
2007-07-27,143.3100,148.9200,134.1500,143.8500,4.3286,274131900,0.0000
2007-07-20,138.3900,144.1800,136.0400,143.7500,4.3256,153699800,0.0000
2007-07-13,132.3800,137.8500,128.8100,137.7300,4.1444,167314800,0.0000
2007-07-06,121.0500,133.3400,119.3000,132.3000,3.9810,160181800,0.0000
2007-06-29,124.1900,125.0900,118.7200,122.0400,3.6723,187896100,0.0000
2007-06-22,123.2800,125.1800,120.7200,123.0000,3.7012,151788000,0.0000
2007-06-15,126.0000,126.1500,115.4000,120.5000,3.6259,243095100,0.0000
2007-06-08,118.6300,127.6100,117.9000,124.4900,3.7460,217016500,0.0000
2007-06-01,114.4500,122.1700,112.6900,118.4000,3.5628,153802400,0.0000
2007-05-25,110.3100,115.0000,110.0500,113.6200,3.4189,130142800,0.0000
2007-05-18,109.6200,110.6400,103.4200,110.0200,3.3106,146066600,0.0000
2007-05-11,101.0800,109.1300,101.0100,108.7400,3.2721,150509500,0.0000
2007-05-04,100.0900,101.6000,98.5500,100.8100,3.0335,93294400,0.0000
2007-04-27,91.5850,102.5000,91.3000,99.9200,3.0067,194995300,0.0000
2007-04-20,90.5700,92.3000,89.6000,90.9700,2.7374,99060400,0.0000
2007-04-13,95.2100,95.3000,90.0599,90.2400,2.7154,96123000,0.0000
2007-04-05,94.1400,95.2300,93.0200,94.6800,2.8490,68508100,0.0000
2007-03-30,93.9900,96.8300,92.2300,92.9100,2.7957,145202100,0.0000
2007-03-23,90.2400,94.3600,89.5900,93.5200,2.8141,103612500,0.0000
2007-03-16,88.0700,90.6000,87.9200,89.5900,2.6958,125896000,0.0000
2007-03-09,85.8900,88.9700,85.7600,87.9700,2.6471,112543500,0.0000
2007-03-02,89.8400,90.0000,83.0000,85.4100,2.5701,177023800,0.0000
2007-02-23,84.6500,90.8100,84.1600,89.0700,2.6802,111754800,0.0000
2007-02-16,84.4300,85.6400,83.6300,84.8300,2.5526,92020300,0.0000
2007-02-09,84.3000,86.5100,82.8600,83.2700,2.5057,144630100,0.0000
2007-02-02,86.3000,86.6500,83.7000,84.7500,2.5502,129342000,0.0000
2007-01-26,89.1400,89.1600,84.9900,85.3800,2.5692,195789700,0.0000
2007-01-19,95.6800,97.6000,88.1200,88.5000,2.6630,236407700,0.0000
2007-01-12,85.9600,97.8000,85.1500,94.6200,2.8472,351865300,0.0000
2007-01-05,86.2900,86.5800,81.9000,85.0500,2.5592,104297200,0.0000
2006-12-29,82.1500,85.4000,76.7700,84.8400,2.5529,165098200,0.0000
2006-12-22,87.6250,88.0000,81.6000,82.2000,2.4735,132770600,0.0000
2006-12-15,88.9000,90.0000,85.5300,87.7200,2.6396,141275800,0.0000
2006-12-08,91.8800,92.3300,86.9000,88.2600,2.6558,135702300,0.0000
2006-12-01,92.5100,93.1590,89.5000,91.3200,2.7479,176202100,0.0000
2006-11-24,85.4000,93.0800,85.2000,91.6300,2.7572,85145700,0.0000
2006-11-17,83.2200,86.3000,82.6400,85.8500,2.5833,101975600,0.0000
2006-11-10,78.9500,84.6900,78.4300,83.1200,2.5012,105298000,0.0000
2006-11-03,79.9850,81.6800,77.7900,78.2900,2.3558,89641300,0.0000
2006-10-27,79.9900,82.6000,79.7500,80.4100,2.4196,100309200,0.0000
2006-10-20,75.1900,79.9900,73.9100,79.9500,2.4058,152711300,0.0000
2006-10-13,73.8000,76.8800,72.6000,75.0200,2.2574,100668500,0.0000
2006-10-06,75.1000,76.1600,73.1600,74.2200,2.2333,124402600,0.0000
2006-09-29,73.8100,77.7800,73.7200,76.9800,2.3164,139347700,0.0000
2006-09-22,73.8000,76.0600,72.5800,73.0000,2.1966,132048400,0.0000
2006-09-15,72.4300,74.9800,71.4200,74.1000,2.2297,198697600,0.0000
2006-09-08,68.9700,73.5700,68.5500,72.5200,2.1822,148230000,0.0000
2006-09-01,68.5000,68.6500,65.1200,68.3800,2.0576,119601000,0.0000
2006-08-25,67.3000,69.0500,66.1500,68.7500,2.0687,101378700,0.0000
2006-08-18,64.0500,68.6600,63.6000,67.9100,2.0435,124205700,0.0000
2006-08-11,67.7200,69.6000,62.5800,63.6500,1.9153,166946600,0.0000
2006-08-04,66.8300,70.0000,64.9600,68.3000,2.0552,173188800,0.0000
2006-07-28,61.2600,65.6800,60.4300,65.5900,1.9737,129889500,0.0000
2006-07-21,51.7300,61.5900,51.6500,60.7200,1.8271,224277600,0.0000
2006-07-14,55.7000,56.4900,50.1600,50.6700,1.5247,161594300,0.0000
2006-07-07,57.5200,58.1800,54.6700,55.4000,1.6670,76627900,0.0000
2006-06-30,59.1700,59.2200,55.4100,57.2700,1.7233,124319500,0.0000
2006-06-23,57.8300,60.1700,57.0000,58.8300,1.7702,138095800,0.0000
2006-06-16,58.8300,59.7400,56.6900,57.5600,1.7320,168037500,0.0000
2006-06-09,61.1500,61.5600,57.1500,59.5200,1.7910,151987500,0.0000
2006-06-02,63.2900,63.3000,58.6900,61.6600,1.8554,124024100,0.0000
2006-05-26,63.8700,65.1900,61.5600,63.5490,1.9122,115205100,0.0000
2006-05-19,67.3700,68.3800,62.8200,64.5100,1.9412,138015000,0.0000
2006-05-12,72.9900,73.8000,66.8600,67.7000,2.0371,108602500,0.0000
2006-05-05,70.7800,72.8900,69.1600,71.8900,2.1632,129763100,0.0000
2006-04-28,66.9200,71.3000,65.5000,70.3900,2.1181,126891500,0.0000
2006-04-21,66.5100,70.0000,64.3500,67.0400,2.0173,180670900,0.0000
2006-04-13,70.2400,70.9300,65.8100,66.4690,2.0001,118478700,0.0000
2006-04-07,63.6600,72.0500,61.0500,69.7900,2.1000,292504700,0.0000
2006-03-31,60.2300,63.6100,57.6700,62.7200,1.8873,251115600,0.0000
2006-03-24,65.2100,65.4600,59.0300,59.9600,1.8042,207018200,0.0000
2006-03-17,65.6100,68.0400,64.1100,64.6600,1.9457,141317300,0.0000
2006-03-10,67.6000,67.7200,62.4500,63.1900,1.9014,152901500,0.0000
2006-03-03,72.0200,72.4000,67.5300,67.7200,2.0378,149463600,0.0000
2006-02-24,70.6300,73.0000,68.0000,71.4600,2.1503,112482400,0.0000
2006-02-17,66.5200,71.0100,64.6400,70.2900,2.1151,168870800,0.0000
2006-02-10,72.1600,72.5100,62.9000,67.3100,2.0254,246569800,0.0000
2006-02-03,71.2800,76.6000,70.8700,71.8470,2.1619,151163400,0.0000
2006-01-27,76.1000,79.5600,71.1000,72.0300,2.1674,200465100,0.0000
2006-01-20,85.7000,86.3800,75.8300,76.0890,2.2896,173816700,0.0000
2006-01-13,76.7300,86.4000,75.7400,85.5899,2.5755,232350700,0.0000
2006-01-06,72.3320,76.7000,72.2500,76.3000,2.2959,92168500,0.0000
2005-12-30,74.0000,75.1800,70.3400,71.8900,2.1632,75106900,0.0000
2005-12-23,71.1100,74.4900,71.0400,73.3500,2.2072,74450300,0.0000
2005-12-16,74.8700,75.4600,70.2700,71.1100,2.1398,132209300,0.0000
2005-12-09,71.9500,74.8300,71.4900,74.3305,2.2367,123787400,0.0000
2005-12-02,70.7200,72.7400,67.3500,72.6300,2.1855,150510100,0.0000
2005-11-25,64.8200,69.5400,63.7200,69.3400,2.0865,69030700,0.0000
2005-11-18,61.5400,65.8800,60.9100,64.5600,1.9427,103302000,0.0000
2005-11-11,60.8500,62.1100,59.0100,61.5400,1.8518,98440000,0.0000
2005-11-04,55.2000,62.3200,54.7500,61.1500,1.8401,153928900,0.0000
2005-10-28,55.2500,57.5600,54.1700,54.4700,1.6390,103135800,0.0000
2005-10-21,53.9800,56.9800,51.2100,55.6600,1.6749,156771200,0.0000
2005-10-14,51.8400,54.3500,47.8700,54.0000,1.6249,261857300,0.0000
2005-10-07,54.1600,55.3500,50.5500,51.3000,1.5437,110471500,0.0000
2005-09-30,54.0300,54.5600,50.5900,53.6100,1.6132,113653200,0.0000
2005-09-23,51.0500,53.8100,51.0500,53.2000,1.6008,109303300,0.0000
2005-09-16,51.1000,51.6300,49.3300,51.2100,1.5410,86652400,0.0000
2005-09-09,46.6900,51.3500,46.5500,51.3100,1.5440,110713400,0.0000
2005-09-02,45.2700,47.1700,45.2600,46.2200,1.3908,62741400,0.0000
2005-08-26,46.1500,47.1200,45.2600,45.7400,1.3764,64025700,0.0000
2005-08-19,46.4800,48.3300,45.7500,45.8300,1.3791,105114400,0.0000
2005-08-12,43.0000,46.2200,42.6100,46.1000,1.3872,75221000,0.0000
2005-08-05,42.6000,43.5000,42.0200,42.9900,1.2936,49310100,0.0000
2005-07-29,43.9900,44.3800,42.2600,42.6500,1.2834,59298600,0.0000
2005-07-22,41.4100,44.0400,41.0700,44.0000,1.3240,86290200,0.0000
2005-07-15,38.3700,42.0100,37.7800,41.5500,1.2503,151585900,0.0000
2005-07-08,36.6000,38.2800,36.5000,38.2500,1.1510,54405500,0.0000
2005-07-01,36.8400,38.1000,36.1200,36.5000,1.0983,73829300,0.0000
2005-06-24,37.8500,39.7800,37.3800,37.7600,1.1362,78719000,0.0000
2005-06-17,35.8900,38.5400,35.7500,38.3100,1.1528,88955800,0.0000
2005-06-10,38.3300,38.6300,35.5200,35.8100,1.0776,108229500,0.0000
2005-06-03,40.6600,40.7600,37.7700,38.2400,1.1507,78173600,0.0000
2005-05-27,37.8500,40.9400,37.8500,40.5600,1.2205,102627500,0.0000
2005-05-20,34.5600,37.6800,34.5300,37.5500,1.1299,105184800,0.0000
2005-05-13,37.2400,37.4500,33.1100,34.7700,1.0463,161103400,0.0000
2005-05-06,36.2100,37.3300,36.0200,37.2400,1.1206,75873200,0.0000
2005-04-29,36.4900,37.5100,35.2200,36.0600,1.0851,122056900,0.0000
2005-04-22,35.0300,37.7400,34.0000,35.5000,1.0682,176881200,0.0000
2005-04-15,44.2200,44.2500,35.2800,35.3500,1.0637,273426800,0.0000
2005-04-08,40.9900,44.4500,40.1600,43.7400,1.3162,96714900,0.0000
2005-04-01,42.7500,42.9600,40.5700,40.8900,1.2304,86040900,0.0000
2005-03-24,43.2900,43.9700,42.0200,42.5000,1.2789,73395400,0.0000
2005-03-18,40.5200,43.4400,39.5200,42.9600,1.2927,126924200,0.0000
2005-03-11,42.8000,43.2500,38.8300,40.2700,1.2118,150160300,0.0000
2005-03-04,44.6800,45.1400,41.2200,42.8100,1.2882,122158100,0.0000
2005-02-25,86.3000,89.9100,85.2900,88.9900,1.3389,89268100,0.0000
2005-02-18,83.1600,90.8800,82.0500,86.8100,1.3061,141154500,0.0000
2005-02-11,78.9300,81.9900,76.6600,81.2100,1.2218,87500100,0.0000
2005-02-04,74.5800,79.9100,74.5100,78.8400,1.1862,83477900,0.0000
2005-01-28,70.9800,73.9800,70.5500,73.9800,1.1131,68717800,0.0000
2005-01-21,69.7400,71.6000,69.2100,70.4900,1.0606,64010900,0.0000
2005-01-14,69.9000,74.4200,63.3000,70.2000,1.0562,199858900,0.0000
2005-01-07,64.7800,69.6300,62.6000,69.2500,1.0419,96468600,0.0000
2004-12-31,64.6400,65.1500,62.0500,64.4000,0.9689,40084600,0.0000
2004-12-23,65.4800,66.0000,61.6000,64.0100,0.9631,54362500,0.0000
2004-12-17,65.7400,67.5000,64.6000,64.9900,0.9778,55691700,0.0000
2004-12-10,64.3100,66.7300,62.0500,65.1500,0.9802,80607100,0.0000
2004-12-03,69.0000,69.5700,61.7500,62.6800,0.9430,103005000,0.0000
2004-11-26,58.0400,65.7600,57.9000,64.5500,0.9712,96796300,0.0000
2004-11-19,55.0800,56.9100,54.2200,55.1700,0.8301,40952300,0.0000
2004-11-12,54.5300,55.6900,53.3800,55.5000,0.8350,41327900,0.0000
2004-11-05,52.5000,56.1100,52.0400,54.7200,0.8233,83390800,0.0000
2004-10-29,47.1900,53.2000,46.9700,52.4000,0.7884,68839000,0.0000
2004-10-22,44.7900,48.3500,44.7000,47.4100,0.7133,68132600,0.0000
2004-10-15,38.8000,45.7500,37.6500,45.5000,0.6846,102618300,0.0000
2004-10-08,39.0100,40.9300,38.4000,39.0600,0.5877,39498700,0.0000
2004-10-01,36.9700,39.2700,36.8300,38.6700,0.5818,34189800,0.0000
2004-09-24,36.9000,38.8700,36.8100,37.2900,0.5610,32147000,0.0000
2004-09-17,35.8600,37.3800,34.7800,37.1400,0.5588,31673100,0.0000
2004-09-10,35.4000,36.5700,35.2300,35.8700,0.5397,25622100,0.0000
2004-09-03,34.0200,35.9900,33.9600,35.2300,0.5301,32325400,0.0000
2004-08-27,30.8600,35.1800,30.6000,34.3500,0.5168,44269400,0.0000
2004-08-20,30.8800,31.8600,30.3500,30.8000,0.4634,32661600,0.0000
2004-08-13,29.8500,31.5400,29.8100,30.8400,0.4640,27116500,0.0000
2004-08-06,31.1800,32.3000,29.7000,29.7800,0.4481,28392900,0.0000
2004-07-30,30.8500,33.0000,30.7800,32.3400,0.4866,28020900,0.0000
2004-07-23,32.0500,32.7100,30.4800,30.7000,0.4619,31533300,0.0000
2004-07-16,30.0100,33.6300,28.7400,32.2000,0.4845,69994700,0.0000
2004-07-09,31.2700,31.4200,29.9500,30.0300,0.4518,21236000,0.0000
2004-07-02,33.9000,34.1900,29.7300,31.0800,0.4676,48880700,0.0000
2004-06-25,33.1000,33.8300,32.1200,33.7000,0.5070,30670300,0.0000
2004-06-18,30.6500,33.4090,29.5000,32.9100,0.4951,45639900,0.0000
2004-06-10,29.0400,30.9700,28.8100,30.7400,0.4625,23540700,0.0000
2004-06-04,27.7900,29.2500,27.6100,28.7800,0.4330,20551600,0.0000
2004-05-28,27.2500,28.7800,27.1100,28.0600,0.4222,22490000,0.0000
2004-05-21,26.7000,27.5000,26.3600,27.1100,0.4079,22469500,0.0000
2004-05-14,26.2700,27.7200,25.9400,27.0600,0.4071,23004000,0.0000
2004-05-07,26.0000,27.5700,25.5000,26.6700,0.4013,26755700,0.0000
2004-04-30,27.5800,27.6350,25.4900,25.7800,0.3879,29883100,0.0000
2004-04-23,28.1200,28.7500,27.0500,27.7000,0.4168,36663600,0.0000
2004-04-16,27.5000,29.5800,26.3100,29.1800,0.4390,61983000,0.0000
2004-04-08,27.4800,28.3700,26.9200,27.5300,0.4142,20351800,0.0000
2004-04-02,27.4000,27.9900,26.6200,27.5000,0.4137,30249800,0.0000
2004-03-26,25.3700,27.3600,25.2200,27.0400,0.4068,39626800,0.0000
2004-03-19,27.0300,27.3500,25.3900,25.8600,0.3891,39790000,0.0000
2004-03-12,26.7900,28.1400,25.7500,27.5600,0.4147,54879900,0.0000
2004-03-05,24.0900,27.4900,23.6000,26.7400,0.4023,53648600,0.0000
2004-02-27,22.4500,24.0200,21.8899,23.9200,0.3599,24940300,0.0000
2004-02-20,23.1000,23.6400,22.2100,22.4000,0.3370,16308500,0.0000
2004-02-13,22.6200,24.1000,22.4400,23.0000,0.3460,23073500,0.0000
2004-02-06,22.4600,22.9100,21.7000,22.7100,0.3417,23571100,0.0000
2004-01-30,22.4600,23.3800,22.1900,22.5600,0.3394,22352500,0.0000
2004-01-23,22.6700,22.9700,22.1800,22.5600,0.3394,17406800,0.0000
2004-01-16,23.1600,24.8400,22.5000,22.7200,0.3418,56743500,0.0000
2004-01-09,21.4200,24.1300,21.4200,23.0000,0.3460,42482200,0.0000
2004-01-02,20.9100,21.7500,20.8600,21.2800,0.3202,13525100,0.0000
2003-12-26,19.6500,20.9100,19.2500,20.7800,0.3126,17263100,0.0000
2003-12-19,21.4900,21.4900,19.6200,19.7000,0.2964,32528600,0.0000
2003-12-12,20.7800,21.3400,19.9600,20.8900,0.3143,16616600,0.0000
2003-12-05,21.0400,21.9000,20.7300,20.8500,0.3137,20040100,0.0000
2003-11-28,20.5000,21.2700,20.2490,20.9100,0.3146,17351900,0.0000
2003-11-21,21.3500,21.3700,19.8500,20.2800,0.3051,23597500,0.0000
2003-11-14,22.4500,22.7200,21.2800,21.4600,0.3229,21413800,0.0000
2003-11-07,22.8300,23.3000,22.4500,22.5000,0.3385,26460100,0.0000
2003-10-31,22.7500,24.0000,22.4000,22.8900,0.3444,20705700,0.0000
2003-10-24,22.6000,23.4000,22.2300,22.6000,0.3400,17897500,0.0000
2003-10-17,23.7300,25.0110,22.4100,22.7500,0.3423,44658600,0.0000
2003-10-10,21.6700,23.8100,21.5800,23.6800,0.3563,29245700,0.0000
2003-10-03,21.4900,21.8600,20.1900,21.6900,0.3263,24837500,0.0000
2003-09-26,22.1800,22.5000,20.1490,20.6900,0.3113,27414100,0.0000
2003-09-19,22.8100,23.0500,21.8550,22.5800,0.3397,22216300,0.0000
2003-09-12,22.4800,23.1400,22.1000,23.1000,0.3475,17253200,0.0000
2003-09-05,22.6600,23.3200,22.4000,22.5000,0.3385,16979900,0.0000
2003-08-29,20.7800,22.8500,20.3500,22.6100,0.3402,19843300,0.0000
2003-08-22,19.8600,22.0000,19.7200,20.8800,0.3141,19736900,0.0000
2003-08-15,19.8200,20.3400,19.4600,19.7100,0.2965,16150200,0.0000
2003-08-08,20.5300,21.5000,19.4200,19.6400,0.2955,18518900,0.0000
2003-08-01,21.5000,21.5050,20.1700,20.7300,0.3119,17716800,0.0000
2003-07-25,20.6900,21.5700,20.2999,21.5400,0.3241,17342700,0.0000
2003-07-18,20.0100,21.1800,19.3800,20.8590,0.3138,30286300,0.0000
2003-07-11,19.2700,20.5000,19.1300,19.8500,0.2987,19008000,0.0000
2003-07-03,18.6800,19.5500,18.5100,19.1300,0.2878,15468100,0.0000
2003-06-27,19.3010,19.6900,18.4800,18.7300,0.2818,29983100,0.0000
2003-06-20,17.6000,19.6100,17.4500,19.2000,0.2889,28733000,0.0000
2003-06-13,16.9400,17.9500,16.6300,17.4200,0.2621,19741900,0.0000
2003-06-06,18.1000,18.2900,17.0200,17.1500,0.2580,26741700,0.0000
2003-05-30,17.9600,18.9000,17.5300,17.9500,0.2701,24041500,0.0000
2003-05-23,18.5300,18.6500,17.6000,18.3200,0.2756,27719600,0.0000
2003-05-16,18.1500,19.0000,17.9500,18.8000,0.2829,33005000,0.0000
2003-05-09,14.7700,18.4000,14.7500,18.3000,0.2753,96441100,0.0000
2003-05-02,13.4800,14.5900,13.4300,14.4500,0.2174,39592000,0.0000
2003-04-25,13.1300,13.6300,12.9800,13.3500,0.2009,21303500,0.0000
2003-04-17,13.7100,13.7500,12.7200,13.1200,0.1974,43560000,0.0000
2003-04-11,14.8500,14.9500,12.9300,13.2000,0.1986,35220200,0.0000
2003-04-04,14.3400,14.7000,14.0400,14.4100,0.2168,15609000,0.0000
2003-03-28,14.6700,14.8300,14.3000,14.5700,0.2192,13836400,0.0000
2003-03-21,14.8900,15.1500,14.6000,15.0000,0.2257,22006000,0.0000
2003-03-14,14.5100,15.0100,14.0600,14.7800,0.2224,17979800,0.0000
2003-03-07,15.0100,15.1600,14.3100,14.5300,0.2186,13530400,0.0000
2003-02-28,14.8600,15.0900,13.8000,15.0100,0.2258,16704100,0.0000
2003-02-21,14.7500,15.3000,14.6500,15.0000,0.2257,16304700,0.0000
2003-02-14,14.2600,14.7200,14.0600,14.6700,0.2207,18091900,0.0000
2003-02-07,14.4100,14.9300,14.0700,14.1500,0.2129,22369000,0.0000
2003-01-31,13.6800,15.0700,13.6500,14.3600,0.2161,32124800,0.0000
2003-01-24,14.2100,14.4100,13.5600,13.8000,0.2076,17898600,0.0000
2003-01-17,14.9000,14.9000,14.0800,14.1000,0.2121,27906500,0.0000
2003-01-10,15.0300,15.3800,14.4400,14.7200,0.2215,24158500,0.0000
2003-01-03,14.0800,14.9300,13.8400,14.9000,0.2242,12225900,0.0000
2002-12-27,14.1600,14.8100,14.0100,14.0600,0.2115,5904000,0.0000
2002-12-20,14.8100,15.1900,13.7800,14.1400,0.2127,23046500,0.0000
2002-12-13,14.9400,15.5500,14.6500,14.7900,0.2225,19862800,0.0000
2002-12-06,15.9000,16.1000,14.5000,14.9500,0.2249,25734400,0.0000
2002-11-29,16.0300,16.1400,15.2700,15.5000,0.2332,15534300,0.0000
2002-11-22,16.1900,16.4400,15.0100,16.0100,0.2409,21975200,0.0000
2002-11-15,15.7500,16.4100,15.1200,15.9500,0.2400,16271700,0.0000
2002-11-08,16.5000,17.3800,15.5200,15.8400,0.2383,23752600,0.0000
2002-11-01,15.5500,16.5000,14.9600,16.3600,0.2461,24371800,0.0000
2002-10-25,14.2600,15.4500,14.0000,15.4200,0.2320,19991500,0.0000
2002-10-18,14.5500,15.2500,13.9300,14.3400,0.2158,29734700,0.0000
2002-10-11,13.9700,14.7800,13.3600,14.5100,0.2183,29844300,0.0000
2002-10-04,14.4000,14.6300,14.0000,14.0300,0.2111,21753400,0.0000
2002-09-27,14.7600,15.1900,14.4000,14.7200,0.2215,21140200,0.0000
2002-09-20,14.1400,15.0900,14.1200,14.8700,0.2237,28607400,0.0000
2002-09-13,14.2800,14.6000,14.0500,14.1700,0.2132,20766200,0.0000
2002-09-06,14.4900,14.7800,14.0500,14.3800,0.2164,19738700,0.0000
2002-08-30,15.9500,15.9500,14.5100,14.7500,0.2219,18890400,0.0000
2002-08-23,15.7800,16.2500,15.4500,15.7300,0.2367,18342300,0.0000
2002-08-16,14.9000,16.1000,14.5400,15.8100,0.2379,25286100,0.0000
2002-08-09,14.5100,15.3800,13.9700,15.0000,0.2257,22189600,0.0000
2002-08-02,14.4800,15.5100,14.2500,14.4500,0.2174,24080600,0.0000
2002-07-26,14.7500,15.2200,13.8000,14.3400,0.2158,34365000,0.0000
2002-07-19,17.4300,18.6000,14.5300,14.9600,0.2251,51837800,0.0000
2002-07-12,18.5200,18.7900,16.9700,17.5000,0.2633,26107200,0.0000
2002-07-05,17.7100,18.7500,16.7500,18.7400,0.2820,15867100,0.0000
2002-06-28,16.7700,17.8200,15.9800,17.7200,0.2666,32385800,0.0000
2002-06-21,20.2400,20.6300,16.7900,16.8500,0.2535,57665200,0.0000
2002-06-14,21.4800,21.8400,18.1100,20.1000,0.3024,34513800,0.0000
2002-06-07,23.3900,23.4500,20.9300,21.4000,0.3220,30935500,0.0000
2002-05-31,23.6900,24.4400,23.2800,23.3000,0.3506,16667500,0.0000
2002-05-24,24.5700,25.2400,23.3200,24.1500,0.3633,24595600,0.0000
2002-05-17,23.5200,25.9800,22.9400,25.0100,0.3763,28419400,0.0000
2002-05-10,23.3500,24.5200,22.1400,23.3200,0.3509,24805500,0.0000
2002-05-03,23.1600,24.3800,23.0900,23.5100,0.3537,22108600,0.0000
2002-04-26,24.8400,24.9300,23.0000,23.0100,0.3462,20402300,0.0000
2002-04-19,25.0600,26.1700,24.8000,24.9800,0.3758,37273500,0.0000
2002-04-12,24.1600,25.2000,23.7800,25.0600,0.3770,25098600,0.0000
2002-04-05,24.7000,25.1900,23.2800,24.7400,0.3722,22039600,0.0000
2002-03-28,24.0700,24.0900,23.0000,23.6700,0.3561,13514800,0.0000
2002-03-22,24.9500,25.3000,23.2600,24.0900,0.3624,29638700,0.0000
2002-03-15,24.6000,25.1400,23.8800,24.9500,0.3754,20996500,0.0000
2002-03-08,23.2600,25.0900,22.7600,24.6600,0.3710,24592700,0.0000
2002-03-01,22.8500,24.7200,20.9400,23.4500,0.3528,45054800,0.0000
2002-02-22,23.7600,23.9000,21.4500,22.7400,0.3421,27302300,0.0000
2002-02-15,23.9300,25.2400,23.7400,23.9000,0.3596,26002000,0.0000
2002-02-08,24.3200,25.9800,23.3700,24.0300,0.3615,40714300,0.0000
2002-02-01,23.4000,24.9600,22.7200,24.4100,0.3673,31519600,0.0000
2002-01-25,22.2700,23.5100,21.5900,23.2500,0.3498,23223400,0.0000
2002-01-18,21.0100,22.7400,20.5000,22.1700,0.3336,40582100,0.0000
2002-01-11,23.7200,24.0000,20.2600,21.0500,0.3167,36142800,0.0000
2002-01-04,22.5100,23.9500,21.8300,23.6900,0.3564,30165400,0.0000
2001-12-28,20.9000,23.0000,20.9000,22.4300,0.3375,12279700,0.0000
2001-12-21,20.4000,21.6800,20.1900,21.0000,0.3160,21001900,0.0000
2001-12-14,22.2900,22.9900,20.0900,20.3900,0.3068,17065600,0.0000
2001-12-07,21.0600,24.0300,20.6000,22.5400,0.3391,29868100,0.0000
2001-11-30,19.9400,21.5500,19.8800,21.3000,0.3205,26545200,0.0000
2001-11-23,19.0000,20.2000,18.9600,19.8400,0.2985,15549300,0.0000
2001-11-16,18.6600,19.9000,17.9600,18.9700,0.2854,19482400,0.0000
2001-11-09,18.8400,20.1300,18.5300,18.7100,0.2815,25200700,0.0000
2001-11-02,18.5700,18.8600,17.0600,18.5700,0.2794,23212400,0.0000
2001-10-26,18.2100,19.4200,17.7500,18.6700,0.2809,35451100,0.0000
2001-10-19,17.9500,18.4100,16.9600,18.3000,0.2753,28332200,0.0000
2001-10-12,15.5700,18.0800,15.5000,18.0100,0.2710,23424000,0.0000
2001-10-05,15.4900,16.2500,14.8300,16.1400,0.2428,33409700,0.0000
2001-09-28,16.1100,16.8400,14.9300,15.5100,0.2334,33037300,0.0000
2001-09-21,16.0000,17.7200,14.6800,15.7300,0.2367,38216400,0.0000
2001-09-10,17.0000,17.5000,16.9200,17.3700,0.2613,5515100,0.0000
2001-09-07,18.5000,19.0800,17.2000,17.2800,0.2600,22008400,0.0000
2001-08-31,18.6000,19.3000,17.2800,18.5500,0.2791,20945500,0.0000
2001-08-24,18.1400,18.6200,17.5800,18.5700,0.2794,19989100,0.0000
2001-08-17,19.1000,19.3600,17.9700,18.0700,0.2719,20763300,0.0000
2001-08-10,19.0400,19.7000,18.5400,19.0200,0.2862,16642800,0.0000
2001-08-03,19.1200,19.9000,18.5100,19.5000,0.2934,21797600,0.0000
2001-07-27,20.0900,20.5000,17.8500,18.9600,0.2853,31015900,0.0000
2001-07-20,24.8800,25.2200,19.4900,19.9800,0.3006,60164900,0.0000
2001-07-13,22.0900,25.0100,20.8400,24.8500,0.3739,40585500,0.0000
2001-07-06,23.6400,24.2300,21.7200,22.0300,0.3315,14246500,0.0000
2001-06-29,22.5000,25.1000,22.4500,23.2500,0.3498,34826100,0.0000
2001-06-22,20.4100,23.0000,19.9800,22.2600,0.3349,30821000,0.0000
2001-06-15,21.0500,21.7300,19.3500,20.4400,0.3075,33236700,0.0000
2001-06-08,21.0800,21.7000,20.3300,21.3200,0.3208,29369600,0.0000
2001-06-01,22.3200,22.5000,19.3000,20.8900,0.3143,39143500,0.0000
2001-05-25,23.6300,24.1300,22.5000,22.7600,0.3424,28311700,0.0000
2001-05-18,22.8900,25.5000,22.7500,23.5300,0.3540,24281200,0.0000
2001-05-11,25.6200,25.7600,22.7600,22.8500,0.3438,25158900,0.0000
2001-05-04,26.7000,27.1200,23.9600,25.7500,0.3874,33449100,0.0000
2001-04-27,24.3400,26.2900,23.5100,26.2000,0.3942,44681300,0.0000
2001-04-20,22.0900,25.7500,19.6000,25.0400,0.3767,82827500,0.0000
2001-04-12,20.6900,23.0200,20.0600,22.4200,0.3373,24231900,0.0000
2001-04-06,22.0900,22.6600,18.7500,20.5900,0.3098,38691700,0.0000
2001-03-30,23.1300,23.7500,21.1300,22.0700,0.3321,51363400,0.0000
2001-03-23,19.7500,23.5600,19.3700,23.0000,0.3460,51692500,0.0000
2001-03-16,19.6900,21.3700,18.1200,19.6200,0.2952,41281400,0.0000
2001-03-09,19.3700,22.0600,19.2500,20.2500,0.3047,35348400,0.0000
2001-03-02,19.0600,20.4400,17.1900,19.2500,0.2896,32140200,0.0000
2001-02-23,19.1900,19.9400,18.0000,18.8100,0.2830,25553200,0.0000
2001-02-16,19.0600,20.5600,18.5000,19.0000,0.2859,24922100,0.0000
2001-02-09,20.5000,21.3900,18.6900,19.1200,0.2877,41730800,0.0000
2001-02-02,19.5600,22.5000,19.5600,20.6200,0.3102,54923100,0.0000
2001-01-26,19.0600,20.9400,18.4400,19.5600,0.2943,55151400,0.0000
2001-01-19,17.4400,19.5600,16.5000,19.5000,0.2934,56261900,0.0000
2001-01-12,16.9400,18.5000,15.9400,17.1900,0.2586,49473600,0.0000
2001-01-05,14.8800,18.5000,14.4400,16.3700,0.2463,43234600,0.0000
2000-12-29,14.8800,15.0000,14.1900,14.8800,0.2239,26389200,0.0000
2000-12-22,14.5600,15.2500,13.6300,15.0000,0.2257,34822200,0.0000
2000-12-15,15.1900,16.0000,14.0000,14.0600,0.2115,32873600,0.0000
2000-12-08,17.1900,17.4400,14.0000,15.0600,0.2266,57223300,0.0000
2000-12-01,19.8700,19.9400,16.1200,17.0600,0.2567,39560200,0.0000
2000-11-24,18.5900,19.5000,18.2500,19.3100,0.2905,20562200,0.0000
2000-11-17,18.7500,20.5000,18.2500,18.5000,0.2783,32298700,0.0000
2000-11-10,22.4400,22.6200,19.0600,19.0600,0.2868,36011000,0.0000
2000-11-03,19.1200,23.0000,18.7500,22.2500,0.3348,57267000,0.0000
2000-10-27,20.2700,20.8700,17.5000,18.5600,0.2792,62251200,0.0000
2000-10-20,22.3100,23.2500,18.3100,19.5000,0.2934,81324100,0.0000
2000-10-13,22.6200,22.8700,19.1200,22.0600,0.3319,87962600,0.0000
2000-10-06,26.6900,26.7500,21.0000,22.1900,0.3339,132403500,0.0000
2000-09-29,52.7500,55.5000,25.3700,25.7500,0.3874,170178100,0.0000
2000-09-22,55.2500,61.4400,50.0000,52.1900,0.7852,38582600,0.0000
2000-09-15,58.6900,60.3800,54.2500,55.2300,0.8310,26829100,0.0000
2000-09-08,62.6600,64.1200,57.7500,58.8800,0.8859,19054100,0.0000
2000-09-01,57.2500,63.6300,57.0600,63.4400,0.9545,28355300,0.0000
2000-08-25,50.2500,57.5000,49.6300,56.8100,0.8547,23095700,0.0000
2000-08-18,47.5900,52.4400,46.3100,50.0000,0.7523,15635900,0.0000
2000-08-11,47.8800,49.0600,45.5600,47.6900,0.7175,22025600,0.0000
2000-08-04,49.1600,51.6300,44.2500,47.3800,0.7129,18892100,0.0000
2000-07-28,52.5600,53.2500,46.8800,48.3100,0.7268,24413000,0.0000
2000-07-21,58.2500,58.8800,51.7500,53.5600,0.8058,30323000,0.0000
2000-07-14,54.0900,60.6300,53.7500,57.6900,0.8680,28876100,0.0000
2000-07-07,52.1300,55.1900,49.6300,54.4400,0.8191,16235600,0.0000
2000-06-30,52.5000,55.5000,51.0600,52.3800,0.7881,21464500,0.0000
2000-06-23,90.5600,103.9400,50.3100,51.6900,0.7777,24381700,0.0000
2000-06-16,96.3700,96.4400,88.1900,91.1900,0.6860,13137300,0.0000
2000-06-09,93.3100,98.5000,89.6900,95.7500,0.7203,14973700,0.0000
2000-06-02,87.6200,99.7500,80.3700,92.5600,0.6963,25386200,0.0000
2000-05-26,93.7500,93.7500,83.0000,86.3700,0.6497,22673700,0.0000
2000-05-19,108.0600,109.0600,93.3700,94.0000,0.7071,23499300,0.0000
2000-05-12,112.0900,113.6900,98.7500,107.6200,0.8096,16551700,0.0000
2000-05-05,124.8700,126.2500,110.5600,113.1200,0.8510,14607300,0.0000
2000-04-28,115.0000,128.7500,114.7500,124.0600,0.9333,15878200,0.0000
2000-04-20,109.5000,130.2500,109.0600,118.8700,0.8942,18238900,0.0000
2000-04-14,131.6900,132.7500,104.8700,111.8700,0.8416,25827400,0.0000
2000-04-07,135.5000,139.5000,116.7500,131.7500,0.9911,17398400,0.0000
2000-03-31,137.6300,144.7500,125.4400,135.8100,1.0217,13759100,0.0000
2000-03-24,123.5000,150.3800,121.6200,138.6900,1.0433,20591900,0.0000
2000-03-17,122.1200,126.5000,114.0000,125.0000,0.9403,16600800,0.0000
2000-03-10,126.0000,129.1300,118.2500,125.7500,0.9460,11429700,0.0000
2000-03-03,110.1200,132.0600,108.3700,128.0000,0.9629,21508200,0.0000
2000-02-25,110.1200,119.1200,106.6900,110.3700,0.8303,13580100,0.0000
2000-02-18,109.3100,119.9400,108.6200,111.2500,0.8369,15664900,0.0000
2000-02-11,108.0000,117.1200,105.9400,108.7500,0.8181,14859900,0.0000
2000-02-04,101.0000,110.0000,94.5000,108.0000,0.8125,21289500,0.0000
2000-01-28,108.4400,114.1900,100.6200,101.6200,0.7645,18470300,0.0000
2000-01-21,101.0000,121.5000,100.4400,111.3100,0.8374,30213200,0.0000
2000-01-14,102.0000,102.2500,86.5000,100.4400,0.7556,29872700,0.0000
2000-01-07,104.8700,112.5000,95.0000,99.5000,0.7485,27278600,0.0000
1999-12-31,104.3700,104.4400,95.0000,102.8100,0.7734,9566300,0.0000
1999-12-23,99.5600,104.5600,96.6200,103.5000,0.7786,10251700,0.0000
1999-12-17,102.3900,102.5000,91.0600,100.0000,0.7523,22746800,0.0000
1999-12-10,114.5600,118.0000,99.0000,103.0000,0.7748,25152800,0.0000
1999-12-03,94.2500,115.5600,93.2500,115.0000,0.8651,28046300,0.0000
1999-11-26,91.7500,95.5000,88.5000,95.0600,0.7151,9757600,0.0000
1999-11-19,89.6200,94.7500,88.0600,92.4400,0.6954,13711000,0.0000
1999-11-12,87.7500,97.7300,86.7500,90.6200,0.6817,25776200,0.0000
